
<Include File="Subtemplates\\Pressurization_Subtemplates.xml"/>

<!-- Pressurization ################################################################ -->
<Template Name="PRESSURIZATION_Switch_Deploy_Template">
	<DefaultTemplateParameters>
		<NODE_ID>PRESSURIZATION_Switch_Deploy</NODE_ID>
		<PART_ID>PRESSURIZATION_Switch_Deploy</PART_ID>
		<ANIM_NAME>PRESSURIZATION_Switch_Deploy</ANIM_NAME>
		<WWISE_EVENT_1>pressurization_deploy_switch_on</WWISE_EVENT_1>
		<WWISE_EVENT_2>pressurization_deploy_switch_off</WWISE_EVENT_2>
	</DefaultTemplateParameters>
	<Condition Check="OTHER_PART_ID">
		<PART_ID>#OTHER_PART_ID#</PART_ID>
		<PART_ID>#PART_ID#</PART_ID>
	</Condition>
	<Component ID="#NODE_ID#" Node="#NODE_ID#">
		<UseTemplate Name="GT_Switch_Code">
			<ANIM_CODE>(I:XMLVAR_Deploy) 100 *</ANIM_CODE>
			<LEFT_SINGLE_CODE>(I:XMLVAR_Deploy) ! (&gt;I:XMLVAR_Deploy)</LEFT_SINGLE_CODE>
		</UseTemplate>
	</Component>
</Template>
<Template Name="PRESSURIZATION_Switch_Oxygen_Template">
	<DefaultTemplateParameters>
		<NODE_ID>PRESSURIZATION_Switch_Oxygen</NODE_ID>
		<PART_ID>PRESSURIZATION_Switch_Oxygen</PART_ID>
		<ANIM_NAME>PRESSURIZATION_Switch_Oxygen</ANIM_NAME>
		<WWISE_EVENT_1>pressurization_oxygen_switch_on</WWISE_EVENT_1>
		<WWISE_EVENT_2>pressurization_oxygen_switch_off</WWISE_EVENT_2>
	</DefaultTemplateParameters>
	<Component ID="#NODE_ID#" Node="#NODE_ID#">
		<UseTemplate Name="GT_Switch_Code">
			<ANIM_CODE>(I:XMLVAR_Oxygen) 100 *</ANIM_CODE>
			<LEFT_SINGLE_CODE>(I:XMLVAR_Oxygen) ! (&gt;I:XMLVAR_Oxygen)</LEFT_SINGLE_CODE>
		</UseTemplate>
	</Component>
</Template>
<Template Name="PRESSURIZATION_Needle_Suction_Template">
	<DefaultTemplateParameters>
		<ID>1</ID>
	</DefaultTemplateParameters>
	
	<UseTemplate Name="GT_Helper_Suffix_ID_Appender">
		<TEMPLATE_TO_CALL>PRESSURIZATION_Needle_Suction_SubTemplate</TEMPLATE_TO_CALL>
	</UseTemplate>
</Template>

<Template Name="PRESSURIZATION_Push_MicroMask_Cover_Template">
	<DefaultTemplateParameters>
		<NODE_ID>PRESSURIZATION_Push_MicroMask_Cover</NODE_ID>
		<ANIM_NAME>PRESSURIZATION_Push_MicroMask_Cover</ANIM_NAME>
		<WWISE_EVENT_1>pressurization_micromask_cover_open</WWISE_EVENT_1>
		<WWISE_EVENT_2>pressurization_micromask_cover_close</WWISE_EVENT_2>
	</DefaultTemplateParameters>
	<Component ID="#NODE_ID#" Node="#NODE_ID#">
		<UseTemplate Name="GT_Switch_Code">
			<ANIM_CODE>(I:XMLVAR_MICRO_MASK_cover) 100 *</ANIM_CODE>
			<LEFT_SINGLE_CODE>(I:XMLVAR_MICRO_MASK_cover) ! (&gt;I:XMLVAR_MICRO_MASK_cover)</LEFT_SINGLE_CODE>
		</UseTemplate>
	</Component>
</Template>
<Template Name="PRESSURIZATION_Push_MicroMask_Template">
	<DefaultTemplateParameters>
		<NODE_ID>PRESSURIZATION_Push_MicroMask</NODE_ID>
		<ANIM_NAME>PRESSURIZATION_Push_MicroMask</ANIM_NAME>
		<WWISE_EVENT_1>pressurization_micromask_push_button_on</WWISE_EVENT_1>
		<WWISE_EVENT_2>pressurization_micromask_push_button_off</WWISE_EVENT_2>
	</DefaultTemplateParameters>
	<Component ID="#NODE_ID#" Node="#NODE_ID#">
		<UseTemplate Name="GT_Switch_Code">
			<ANIM_CODE>(I:XMLVAR_MicroInMask) 100 *</ANIM_CODE>
			<LEFT_SINGLE_CODE>(I:XMLVAR_MICRO_MASK_cover) if{ (I:XMLVAR_MicroInMask) ! (&gt;I:XMLVAR_MicroInMask) }</LEFT_SINGLE_CODE>
		</UseTemplate>
	</Component>
</Template>
<Template Name="PRESSURIZATION_Push_Micro_Emissive_Template">
	<DefaultTemplateParameters>
		<NODE_ID>PRESSURIZATION_Push_Micro_Text</NODE_ID>
	</DefaultTemplateParameters>
	<Component ID="#NODE_ID#" Node="#NODE_ID#">
		<UseTemplate Name="GT_Emissive_Gauge">
			<EMISSIVE_CODE>(L:XMLVAR_LTS_Test) (I:XMLVAR_MicroInMask) ! or</EMISSIVE_CODE>
		</UseTemplate>
	</Component>
</Template>
<Template Name="PRESSURIZATION_Push_Mask_Emissive_Template">
	<DefaultTemplateParameters>
		<NODE_ID>PRESSURIZATION_Push_Mask_Text</NODE_ID>
	</DefaultTemplateParameters>
	<Component ID="#NODE_ID#" Node="#NODE_ID#">
		<UseTemplate Name="GT_Emissive_Gauge">
			<EMISSIVE_CODE>(L:XMLVAR_LTS_Test) (I:XMLVAR_MicroInMask) or</EMISSIVE_CODE>
		</UseTemplate>
	</Component>
</Template>
<Template Name="PRESSURIZATION_Switch_Bleed_Template">
	<DefaultTemplateParameters>
		<NODE_ID>PRESSURIZATION_Switch_Bleed</NODE_ID>
		<PART_ID>PRESSURIZATION_Switch_Bleed</PART_ID>
		<ANIM_NAME>PRESSURIZATION_Switch_Bleed</ANIM_NAME>
		<WWISE_EVENT>pressurization_bleed_switch</WWISE_EVENT> 
		<NUM_STATES>3</NUM_STATES>
	</DefaultTemplateParameters>
	<Component ID="#NODE_ID#" Node="#NODE_ID#">
		<Condition Check="NUM_STATES" Match="3">
			<True>
				<UseTemplate Name="GT_Switch_3States">
					<SWITCH_POSITION_TYPE>O</SWITCH_POSITION_TYPE>
					<SWITCH_POSITION_VAR>XMLVAR_BleedState</SWITCH_POSITION_VAR>
					<CODE_POS_0>
						(A:BLEED AIR SOURCE CONTROL, Enum) 0 != if{
							0 (&gt;K:BLEED_AIR_SOURCE_CONTROL_SET)
						}
					</CODE_POS_0>
					<CODE_POS_1>
						(A:BLEED AIR SOURCE CONTROL, Enum) 3 != if{
							3 (&gt;K:BLEED_AIR_SOURCE_CONTROL_SET)
						}
					</CODE_POS_1>
					<CODE_POS_2>
						(A:BLEED AIR SOURCE CONTROL, Enum) 1 != if{
							1 (&gt;K:BLEED_AIR_SOURCE_CONTROL_SET)
						}
					</CODE_POS_2>
					<STATE0_TEST>(A:BLEED AIR SOURCE CONTROL, Enum) 0 ==</STATE0_TEST>
					<STATE1_TEST>(A:BLEED AIR SOURCE CONTROL, Enum) 3 ==</STATE1_TEST>
					<STATE2_TEST>(A:BLEED AIR SOURCE CONTROL, Enum) 1 ==</STATE2_TEST>
				</UseTemplate>
			</True>
			<False>
				<UseTemplate Name="GT_Switch_Code">
					<WWISE_EVENT_1>pressurization_bleed_switch_on</WWISE_EVENT_1>
					<WWISE_EVENT_2>pressurization_bleed_switch_off</WWISE_EVENT_2>
					<ANIM_CODE>(A:BLEED AIR SOURCE CONTROL, Enum) 1 != 100 *</ANIM_CODE>
					<LEFT_SINGLE_CODE>
						(A:BLEED AIR SOURCE CONTROL, Enum) 1 != if{
							1 (&gt;K:BLEED_AIR_SOURCE_CONTROL_SET)
						} els{
							0 (&gt;K:BLEED_AIR_SOURCE_CONTROL_SET)
						}
					</LEFT_SINGLE_CODE>
				</UseTemplate>
			</False>
		</Condition>
	</Component>
</Template>
<Template Name="PRESSURIZATION_Push_Dump_Template">
	<DefaultTemplateParameters>
		<NODE_ID>PRESSURIZATION_Push_Dump</NODE_ID>
		<PART_ID>PRESSURIZATION_Push_Dump</PART_ID>
		<ANIM_NAME>PRESSURIZATION_Push_Dump</ANIM_NAME> 
		<WWISE_EVENT_1>pressurization_dump_push_button_on</WWISE_EVENT_1> 
		<NORMALIZED_TIME_1>0.1</NORMALIZED_TIME_1>
		<WWISE_EVENT_2>pressurization_dump_push_button_off</WWISE_EVENT_2>
		<NORMALIZED_TIME_2>0.5</NORMALIZED_TIME_2>
		<IS_AIRLINER>False</IS_AIRLINER>
		<TOOLTIPID>%((A:PRESSURIZATION DUMP SWITCH, bool))%{if}TT:COCKPIT.TOOLTIPS.PRESSURIZATION_PANEL_DUMP_BUTTON_ON%{else}TT:COCKPIT.TOOLTIPS.PRESSURIZATION_PANEL_DUMP_BUTTON_OFF%{end}</TOOLTIPID>
		<OPENEDGUARD_TOOLTIP>TT:COCKPIT.TOOLTIPS.PRESSURIZATION_PANEL_DUMP_GUARD_OFF</OPENEDGUARD_TOOLTIP>
		<CLOSEDGUARD_TOOLTIP>TT:COCKPIT.TOOLTIPS.PRESSURIZATION_PANEL_DUMP_GUARD_ON</CLOSEDGUARD_TOOLTIP>
		<Condition Valid="IS_AIRLINER">
			<True>
				<SEQ1_EMISSIVE_CODE>(A:PRESSURIZATION DUMP SWITCH, Bool) !</SEQ1_EMISSIVE_CODE>
				<SEQ2_EMISSIVE_CODE>(A:PRESSURIZATION DUMP SWITCH, Bool)</SEQ2_EMISSIVE_CODE>
			</True>
		</Condition>
	</DefaultTemplateParameters>
	<Condition Valid="IS_AIRLINER">
		<True>
			<UseTemplate Name="GT_Push_Button_Airliner">
				<LEFT_SINGLE_CODE>(&gt;K:PRESSURIZATION_PRESSURE_DUMP_SWITCH)</LEFT_SINGLE_CODE>
				<COVER_NODE_ID>#NODE_ID#_Cover</COVER_NODE_ID>
				<COVER_ANIM_NAME>#NODE_ID#_Cover</COVER_ANIM_NAME>
			</UseTemplate>
		</True>
		<False>
			<Component ID="#NODE_ID#" Node="#NODE_ID#">
				<UseTemplate Name="GT_Push_Button">
					<LEFT_SINGLE_CODE>(L:XMLVAR_Press_DUMP_cover) if{ (&gt;K:PRESSURIZATION_PRESSURE_DUMP_SWITCH) }</LEFT_SINGLE_CODE>
				</UseTemplate>
			</Component>
		</False>
	</Condition>
</Template>
<Template Name="PRESSURIZATION_Push_Dump_Cover_Template">
	<DefaultTemplateParameters>
		<NODE_ID>PRESSURIZATION_Push_Dump_Cover</NODE_ID>
		<ANIM_NAME>PRESSURIZATION_Push_Dump_Cover</ANIM_NAME> 
		<WWISE_EVENT_1>pressurization_dump_cover_open</WWISE_EVENT_1> 
		<WWISE_EVENT_2>pressurization_dump_cover_close</WWISE_EVENT_2>

	</DefaultTemplateParameters>
	<Component ID="#NODE_ID#" Node="#NODE_ID#">
		<UseTemplate Name="GT_Switch_Code">
			<ANIM_CODE>(L:XMLVAR_Press_DUMP_cover) 100 *</ANIM_CODE>
			<LEFT_SINGLE_CODE>(L:XMLVAR_Press_DUMP_cover) ! (&gt;L:XMLVAR_Press_DUMP_cover)</LEFT_SINGLE_CODE>
		</UseTemplate>
	</Component>
</Template>
<Template Name="PRESSURIZATION_Push_Norm_Emissive_Template">
	<DefaultTemplateParameters>
		<NODE_ID>PRESSURIZATION_Push_Norm_Text</NODE_ID>
	</DefaultTemplateParameters>
	<Component ID="#NODE_ID#" Node="#NODE_ID#">
		<UseTemplate Name="GT_Emissive_Gauge">
			<EMISSIVE_CODE>(L:XMLVAR_LTS_Test) (A:PRESSURIZATION DUMP SWITCH, Bool) ! or</EMISSIVE_CODE>
		</UseTemplate>
	</Component>
</Template>
<Template Name="PRESSURIZATION_Push_Dump_Emissive_Template">
	<DefaultTemplateParameters>
		<NODE_ID>PRESSURIZATION_Push_Dump_Text</NODE_ID>
	</DefaultTemplateParameters>
	<Component ID="#NODE_ID#" Node="#NODE_ID#">
		<UseTemplate Name="GT_Emissive_Gauge">
			<EMISSIVE_CODE>(L:XMLVAR_LTS_Test) (A:PRESSURIZATION DUMP SWITCH, Bool) or</EMISSIVE_CODE>
		</UseTemplate>
	</Component>
</Template>
<Template Name="PRESSURIZATION_Knob_ClimbRate_Template">
	<DefaultTemplateParameters>
		<NODE_ID>PRESSURIZATION_Knob_ClimbRate</NODE_ID>
		<ANIM_NAME>PRESSURIZATION_Knob_ClimbRate</ANIM_NAME>
		<WWISE_EVENT>pressurization_climbrate_knob</WWISE_EVENT>
		<COUNT>36</COUNT>
	</DefaultTemplateParameters>
	<Component ID="#NODE_ID#" Node="#NODE_ID#">
		<UseTemplate Name="GT_Knob_Infinite">
			<ANIM_SIMVAR>PRESSURIZATION CABIN ALTITUDE RATE</ANIM_SIMVAR>
			<ANIM_SIMVAR_UNITS>ft/min</ANIM_SIMVAR_UNITS>
			<CLOCKWISE_CODE>(&gt;K:PRESSURIZATION_CLIMB_RATE_INC)</CLOCKWISE_CODE>
			<ANTICLOCKWISE_CODE>(&gt;K:PRESSURIZATION_CLIMB_RATE_DEC)</ANTICLOCKWISE_CODE>
		</UseTemplate>
	</Component>
</Template>

<Template Name="PRESSURIZATION_Knob_CabinAlt_Template">
	<DefaultTemplateParameters>
		<NODE_ID>PRESSURIZATION_Knob_CabinAlt</NODE_ID>
		<ANIM_NAME>PRESSURIZATION_Knob_CabinAlt</ANIM_NAME>
		<WWISE_EVENT>pressurization_cabinalt_knob</WWISE_EVENT>
		<COUNT>36</COUNT>
	</DefaultTemplateParameters>
	<Component ID="#NODE_ID#" Node="#NODE_ID#">
		<UseTemplate Name="GT_Knob_Infinite">
			<ANIM_SIMVAR>PRESSURIZATION CABIN ALTITUDE GOAL</ANIM_SIMVAR>
			<ANIM_SIMVAR_UNITS>ft</ANIM_SIMVAR_UNITS>
			<CLOCKWISE_CODE>(&gt;K:PRESSURIZATION_PRESSURE_ALT_INC)</CLOCKWISE_CODE>
			<ANTICLOCKWISE_CODE>(&gt;K:PRESSURIZATION_PRESSURE_ALT_DEC)</ANTICLOCKWISE_CODE>
		</UseTemplate>
	</Component>
</Template>

<Template Name="PRESSURIZATION_Switch_CabinPressDump_Template">
	<DefaultTemplateParameters>
		<NODE_ID>PRESSURIZATION_Switch_CabinPressDump</NODE_ID>
		<ANIM_NAME>PRESSURIZATION_Switch_CabinPressDump</ANIM_NAME>
		<WWISE_EVENT_1>pressurization_cabinpressdump_switch_on</WWISE_EVENT_1>
		<WWISE_EVENT_2>pressurization_cabinpressdump_switch_off</WWISE_EVENT_2>
	</DefaultTemplateParameters>
	<Component ID="#NODE_ID#" Node="#NODE_ID#">
		<UseTemplate Name="GT_Switch_Code">
			<ANIM_CODE>(A:PRESSURIZATION DUMP SWITCH, Bool) 100 *</ANIM_CODE>
			<LEFT_SINGLE_CODE>(&gt;K:PRESSURIZATION_PRESSURE_DUMP_SWITCH)</LEFT_SINGLE_CODE>
		</UseTemplate>
	</Component>
</Template>