
<Include Path="Generic.xml"/>

<Template Name="AS_155_TSO">
	<DefaultTemplateParameters>
		<ID>1</ID>
		<EMISSIVE_POTENTIOMETER>1</EMISSIVE_POTENTIOMETER>
		<DIMMING_FACTOR>1</DIMMING_FACTOR>
	</DefaultTemplateParameters>
	
	<UseTemplate Name="GT_Helper_Suffix_ID_Appender">
		<TEMPLATE_TO_CALL>AS_155_TSO_SubTemplate</TEMPLATE_TO_CALL>
	</UseTemplate>
</Template>
<Template Name="AS_155_TSO_SubTemplate">
	<DefaultTemplateParameters>
		<NODE_ID_SCREEN>Screen_Transpondeur_COM</NODE_ID_SCREEN>
		<NODE_ID_SCREEN_NAV>Screen_Transpondeur_NAV</NODE_ID_SCREEN_NAV>
		
		<NODE_ID_COM_LARGE_KNOB>COM_Knob_MHz#SUFFIX_ID#</NODE_ID_COM_LARGE_KNOB>
		<ANIM_NAME_COM_LARGE_KNOB>COM_Knob_MHz#SUFFIX_ID#</ANIM_NAME_COM_LARGE_KNOB>
		<NODE_ID_COM_SMALL_KNOB>COM_Knob_KHz#SUFFIX_ID#</NODE_ID_COM_SMALL_KNOB>
		<ANIM_NAME_COM_SMALL_KNOB>COM_Knob_KHz#SUFFIX_ID#</ANIM_NAME_COM_SMALL_KNOB>
		<ANIM_NAME_COM_SMALL_KNOB_PUSH>COM_Knob_KHz_Push#SUFFIX_ID#</ANIM_NAME_COM_SMALL_KNOB_PUSH>
		<NODE_ID_COM_VOLUME_PULL>COM_Knob_OnOff#SUFFIX_ID#</NODE_ID_COM_VOLUME_PULL>
		<ANIM_NAME_COM_VOLUME_PULL>COM_Push_Test#SUFFIX_ID#</ANIM_NAME_COM_VOLUME_PULL>
		<ANIM_NAME_COM_VOLUME_KNOB>COM_Knob_OnOff#SUFFIX_ID#</ANIM_NAME_COM_VOLUME_KNOB>
		<NODE_ID_COM_SWAP>COM_Push_Swap#SUFFIX_ID#</NODE_ID_COM_SWAP>
		<ANIM_NAME_COM_SWAP>COM_Push_Swap#SUFFIX_ID#</ANIM_NAME_COM_SWAP>
		
		<NODE_ID_NAV_LARGE_KNOB>NAV_Knob_MHz#SUFFIX_ID#</NODE_ID_NAV_LARGE_KNOB>
		<ANIM_NAME_NAV_LARGE_KNOB>NAV_Knob_MHz#SUFFIX_ID#</ANIM_NAME_NAV_LARGE_KNOB>
		<NODE_ID_NAV_SMALL_KNOB>NAV_Knob_KHz#SUFFIX_ID#</NODE_ID_NAV_SMALL_KNOB>
		<ANIM_NAME_NAV_SMALL_KNOB>NAV_Knob_KHz#SUFFIX_ID#</ANIM_NAME_NAV_SMALL_KNOB>
		<ANIM_NAME_NAV_SMALL_KNOB_PUSH>NAV_Knob_KHz_Push#SUFFIX_ID#</ANIM_NAME_NAV_SMALL_KNOB_PUSH>
		<NODE_ID_NAV_VOLUME_PULL>NAV_Knob_OnOff#SUFFIX_ID#</NODE_ID_NAV_VOLUME_PULL>
		<ANIM_NAME_NAV_VOLUME_PULL>NAV_Push_Ident#SUFFIX_ID#</ANIM_NAME_NAV_VOLUME_PULL>
		<ANIM_NAME_NAV_VOLUME_KNOB>NAV_Knob_OnOff#SUFFIX_ID#</ANIM_NAME_NAV_VOLUME_KNOB>
		<NODE_ID_NAV_SWAP>NAV_Push_Swap#SUFFIX_ID#</NODE_ID_NAV_SWAP>
		<ANIM_NAME_NAV_SWAP>NAV_Push_Swap#SUFFIX_ID#</ANIM_NAME_NAV_SWAP>
		
		<DECALS_NODE_ID>ComNav_Decals_Emissive#SUFFIX_ID#</DECALS_NODE_ID>
		<EMISSIVE_CODE>(A:CIRCUIT NAVCOM#ID# ON, Bool) (A:LIGHT POTENTIOMETER:#EMISSIVE_POTENTIOMETER#, percent over 100) * #DIMMING_FACTOR# *</EMISSIVE_CODE>
	</DefaultTemplateParameters>
	
	<Component ID="#DECALS_NODE_ID#_#ID#" Node="#DECALS_NODE_ID#">
		<UseTemplate Name="GT_Emissive_Gauge">
		</UseTemplate>
	</Component>
	
	<UseTemplate Name="NavCom_Knob_Large_Template">
		<NODE_ID_KNOB>#NODE_ID_COM_LARGE_KNOB#</NODE_ID_KNOB>
		<ANIM_NAME_KNOB>#ANIM_NAME_COM_LARGE_KNOB#</ANIM_NAME_KNOB>
		<RADIO_TYPE>COM</RADIO_TYPE>
		<ANIMREF_ID>-1</ANIMREF_ID>
		<ANIMTIP_0>TT:COCKPIT.TOOLTIPS.AS1000_KNOB_COM_DECREASE</ANIMTIP_0>
		<ANIMTIP_0_ON_CURSOR>TurnLeft</ANIMTIP_0_ON_CURSOR>
		<ANIMTIP_1>TT:COCKPIT.TOOLTIPS.AS1000_KNOB_COM_INCREASE</ANIMTIP_1>
		<ANIMTIP_1_ON_CURSOR>TurnRight</ANIMTIP_1_ON_CURSOR>
		<WWISE_EVENT>navcom_frequency_outer_knob</WWISE_EVENT>	
		<COUNT>36</COUNT>
	</UseTemplate>
	
	<UseTemplate Name="NavCom_Knob_Small_Template">
		<NODE_ID_KNOB>#NODE_ID_COM_SMALL_KNOB#</NODE_ID_KNOB>
		<ANIM_NAME_PUSH>#ANIM_NAME_COM_SMALL_KNOB_PUSH#</ANIM_NAME_PUSH>
		<ANIM_NAME_KNOB>#ANIM_NAME_COM_SMALL_KNOB#</ANIM_NAME_KNOB>
		<RADIO_TYPE>COM</RADIO_TYPE>
		<ANIMTIP_0>TT:COCKPIT.TOOLTIPS.AS1000_KNOB_COM_DECREASE</ANIMTIP_0>
		<ANIMTIP_0_ON_CURSOR>TurnLeft</ANIMTIP_0_ON_CURSOR>
		<ANIMTIP_1>TT:COCKPIT.TOOLTIPS.AS1000_KNOB_COM_INCREASE</ANIMTIP_1>
		<ANIMTIP_1_ON_CURSOR>TurnRight</ANIMTIP_1_ON_CURSOR>
		<WWISE_EVENT_1>navcom_knob_push_button_on</WWISE_EVENT_1> 
		<NORMALIZED_TIME_1>0.1</NORMALIZED_TIME_1>			
		<WWISE_EVENT_2>navcom_knob_push_button_off</WWISE_EVENT_2>    
		<NORMALIZED_TIME_2>0.3</NORMALIZED_TIME_2>	
		<WWISE_EVENT>navcom_frequency_inner_knob</WWISE_EVENT>	
		<COUNT>36</COUNT>		
	</UseTemplate>
	
	<UseTemplate Name="Swap_Button_Template">
		<NODE_ID>#NODE_ID_COM_SWAP#</NODE_ID>
		<ANIM_NAME>#ANIM_NAME_COM_SWAP#</ANIM_NAME>
		<Condition Check="ID" Match="1">
			<True>
				<IDSIMVAR></IDSIMVAR>
				<RADIO_TYPE>COM_STBY</RADIO_TYPE>
			</True>
			<False>
				<IDSIMVAR>#ID#</IDSIMVAR>
				<RADIO_TYPE>COM</RADIO_TYPE>
			</False>
		</Condition>
		<TOOLTIPID>TT:COCKPIT.TOOLTIPS.COM_FREQUENCY_TRANSFER_KEY</TOOLTIPID>
	</UseTemplate>
	
	<UseTemplate Name="Volume_Knob_Template">
		<NODE_ID_KNOB>#NODE_ID_COM_VOLUME_PULL#</NODE_ID_KNOB>
		<ANIM_NAME_SWITCH>#ANIM_NAME_COM_VOLUME_PULL#</ANIM_NAME_SWITCH>
		<ANIM_NAME_KNOB>#ANIM_NAME_COM_VOLUME_KNOB#</ANIM_NAME_KNOB>
		<RADIO_TYPE>COM</RADIO_TYPE>
		<Condition Check="COM_CIRCUIT">
			<True>
				<CIRCUIT>#COM_CIRCUIT#</CIRCUIT>
			</True>
		</Condition>
		<ANIMREF_ID>1</ANIMREF_ID>
		<ANIMTIP_0>TT:COCKPIT.TOOLTIPS.NAVCOM_COM_VOLUME_DECREASE</ANIMTIP_0>
		<ANIMTIP_0_ON_CURSOR>TurnLeft</ANIMTIP_0_ON_CURSOR>
		<ANIMTIP_1>TT:COCKPIT.TOOLTIPS.NAVCOM_COM_VOLUME_INCREASE</ANIMTIP_1>
		<ANIMTIP_1_ON_CURSOR>TurnRight</ANIMTIP_1_ON_CURSOR>
		<ANIMTIP_2>TT:COCKPIT.TOOLTIPS.NAVCOM_COM_VOLUME_TEST</ANIMTIP_2>
		<ANIMTIP_2_ON_CURSOR>Hand</ANIMTIP_2_ON_CURSOR>
		<PART_ID>NAVCOM_COM_VOLUME_KNOB</PART_ID>
		<WWISE_EVENT>navcom_volume_knob</WWISE_EVENT>
		<COUNT>14</COUNT>			
		<WWISE_EVENT_1>navcom_volume_knob_push_button_on</WWISE_EVENT_1>
		<NORMALIZED_TIME_1>0.1</NORMALIZED_TIME_1>		
		<WWISE_EVENT_2>navcom_volume_knob_push_button_off</WWISE_EVENT_2>	
		<NORMALIZED_TIME_2>0.5</NORMALIZED_TIME_2>	
	</UseTemplate>

	<UseTemplate Name="NavCom_Knob_Large_Template">
		<NODE_ID_KNOB>#NODE_ID_NAV_LARGE_KNOB#</NODE_ID_KNOB>
		<ANIM_NAME_KNOB>#ANIM_NAME_NAV_LARGE_KNOB#</ANIM_NAME_KNOB>
		<IDSIMVAR>1</IDSIMVAR>
		<RADIO_TYPE>NAV</RADIO_TYPE>
			<ANIMREF_ID>-1</ANIMREF_ID>
			<ANIMTIP_0>TT:COCKPIT.TOOLTIPS.AS1000_KNOB_NAV_DECREASE</ANIMTIP_0>
			<ANIMTIP_0_ON_CURSOR>TurnLeft</ANIMTIP_0_ON_CURSOR>
			<ANIMTIP_1>TT:COCKPIT.TOOLTIPS.AS1000_KNOB_NAV_INCREASE</ANIMTIP_1>
			<ANIMTIP_1_ON_CURSOR>TurnRight</ANIMTIP_1_ON_CURSOR>
		<WWISE_EVENT>navcom_frequency_outer_knob</WWISE_EVENT>	
		<COUNT>36</COUNT>	
	</UseTemplate>
	
	<UseTemplate Name="NavCom_Knob_Small_Template">		
		<NODE_ID_KNOB>#NODE_ID_NAV_SMALL_KNOB#</NODE_ID_KNOB>
		<ANIM_NAME_PUSH>#ANIM_NAME_NAV_SMALL_KNOB_PUSH#</ANIM_NAME_PUSH>
		<ANIM_NAME_KNOB>#ANIM_NAME_NAV_SMALL_KNOB#</ANIM_NAME_KNOB>
		
		<IDSIMVAR>1</IDSIMVAR>
		<RADIO_TYPE>NAV</RADIO_TYPE>
			<ANIMTIP_0>TT:COCKPIT.TOOLTIPS.AS1000_KNOB_NAV_DECREASE</ANIMTIP_0>
			<ANIMTIP_0_ON_CURSOR>TurnLeft</ANIMTIP_0_ON_CURSOR>
			<ANIMTIP_1>TT:COCKPIT.TOOLTIPS.AS1000_KNOB_NAV_INCREASE</ANIMTIP_1>
			<ANIMTIP_1_ON_CURSOR>TurnRight</ANIMTIP_1_ON_CURSOR>
		<WWISE_EVENT>navcom_frequency_inner_knob</WWISE_EVENT>	
		<COUNT>36</COUNT>	
	</UseTemplate>
	
	<UseTemplate Name="Swap_Button_Template">
		<NODE_ID>#NODE_ID_NAV_SWAP#</NODE_ID>
		<ANIM_NAME>#ANIM_NAME_NAV_SWAP#</ANIM_NAME>
		<IDSIMVAR>#ID#</IDSIMVAR>
		<RADIO_TYPE>NAV</RADIO_TYPE>
		<TOOLTIPID>TT:COCKPIT.TOOLTIPS.NAV_FREQUENCY_TRANSFER_KEY</TOOLTIPID>
		
	</UseTemplate>
	
	<UseTemplate Name="Volume_Knob_Template">
		<NODE_ID_KNOB>#NODE_ID_NAV_VOLUME_PULL#</NODE_ID_KNOB>
		<ANIM_NAME_SWITCH>#ANIM_NAME_NAV_VOLUME_PULL#</ANIM_NAME_SWITCH>
		<ANIM_NAME_KNOB>#ANIM_NAME_NAV_VOLUME_KNOB#</ANIM_NAME_KNOB>
		<RADIO_TYPE>NAV</RADIO_TYPE>
		<Condition Check="NAV_CIRCUIT">
			<True>
				<CIRCUIT>#NAV_CIRCUIT#</CIRCUIT>
			</True>
		</Condition>
		<ANIMREF_ID>1</ANIMREF_ID>
		<ANIMTIP_0>TT:COCKPIT.TOOLTIPS.NAVCOM_NAV_VOLUME_DECREASE</ANIMTIP_0>
		<ANIMTIP_0_ON_CURSOR>TurnLeft</ANIMTIP_0_ON_CURSOR>
		<ANIMTIP_1>TT:COCKPIT.TOOLTIPS.NAVCOM_NAV_VOLUME_INCREASE</ANIMTIP_1>
		<ANIMTIP_1_ON_CURSOR>TurnRight</ANIMTIP_1_ON_CURSOR>
		<ANIMTIP_2>TT:COCKPIT.TOOLTIPS.YOKE_BUTTON_IDENT</ANIMTIP_2>
		<ANIMTIP_2_ON_CURSOR>Hand</ANIMTIP_2_ON_CURSOR>
		<WWISE_EVENT>navcom_volume_knob</WWISE_EVENT>	
		<COUNT>14</COUNT>	
		<WWISE_EVENT_1>navcom_volume_knob_push_button_on</WWISE_EVENT_1>	
		<WWISE_EVENT_2>navcom_volume_knob_push_button_off</WWISE_EVENT_2>
	</UseTemplate>
	
	<Component ID="AS_155_TSO_Screen_#ID#" Node="#NODE_ID_SCREEN#">
		<UseTemplate Name="GT_Emissive_Gauge">
			<FAILURE>(A:CIRCUIT NAVCOM#ID# ON, Bool)</FAILURE>
			<EMISSIVE_CODE>(A:COM VOLUME:#ID#, Percent) 0 &gt;</EMISSIVE_CODE>
		</UseTemplate>
	</Component>
	
	<Condition Valid="SEPARATED_SCREENS">
		<True>
			<Component ID="#NODE_ID_SCREEN_NAV#" Node="#NODE_ID_SCREEN_NAV#">
				<UseTemplate Name="GT_Emissive_Gauge">
					<FAILURE>(A:CIRCUIT NAVCOM#ID# ON, Bool)</FAILURE>
					<EMISSIVE_CODE>(A:COM VOLUME:#ID#, Percent) 0 &gt;</EMISSIVE_CODE>
				</UseTemplate>
			</Component>
		</True>
	</Condition>
</Template>

<Template Name="AS_400_TSO">
	<DefaultTemplateParameters>
		<ID>1</ID>
	</DefaultTemplateParameters>
	
	<UseTemplate Name="GT_Helper_Suffix_ID_Appender">
		<TEMPLATE_TO_CALL>AS_400_TSO_SubTemplate</TEMPLATE_TO_CALL>
	</UseTemplate>
</Template>

<Template Name="AS_400_TSO_SubTemplate">
	<DefaultTemplateParameters>
		<ONOFF_ANIM_NAME>switch_intercom_ON#SUFFIX_ID#</ONOFF_ANIM_NAME>
		<ONOFF_NODE_NAME>switch_intercom_ON#SUFFIX_ID#</ONOFF_NODE_NAME>
		<VOL_NODE_NAME>knob_intercom_VOL#SUFFIX_ID#</VOL_NODE_NAME>
		<VOL_ANIM_NAME>knob_intercom_VOL#SUFFIX_ID#</VOL_ANIM_NAME>
		<SQ_NODE_NAME>knob_intercom_SQ#SUFFIX_ID#</SQ_NODE_NAME>
		<SQ_ANIM_NAME>knob_intercom_SQ#SUFFIX_ID#</SQ_ANIM_NAME>
	</DefaultTemplateParameters>
	
	<!-- <Component ID="#ONOFF_NODE_NAME#" Node="#ONOFF_NODE_NAME#"> -->
		<!-- <UseTemplate Name="GT_Switch_Code"> -->
			<!-- <PART_ID>ONOFF_SWITCH</PART_ID> -->
			<!-- <ANIM_NAME>#ONOFF_NODE_NAME#</ANIM_NAME> -->
			<!-- <ANIM_CODE>#RADIO_BUS_SOURCE_ID# (&gt;A:BUS LOOKUP INDEX, Number) (A:BUS CONNECTION ON:#RADIO_BUS_ID#, Bool) ! 100 *</ANIM_CODE> -->
			<!-- <LEFT_SINGLE_CODE>#RADIO_BUS_ID# #RADIO_BUS_SOURCE_ID# (&gt;K:2:ELECTRICAL_BUS_TO_BUS_CONNECTION_TOGGLE)</LEFT_SINGLE_CODE> -->
			<!-- <ANIMTIP_0>TT:COCKPIT.TOOLTIPS.INTERCOM_MASTER_ON</ANIMTIP_0> -->
			<!-- <ANIMTIP_1>TT:COCKPIT.TOOLTIPS.INTERCOM_MASTER_OFF</ANIMTIP_1> -->
			<!-- <WWISE_EVENT_1>audio_intercom_switch_on</WWISE_EVENT_1> 		 -->
			<!-- <WWISE_EVENT_2>audio_intercom_switch_off</WWISE_EVENT_2>     -->
		<!-- </UseTemplate> -->
	<!-- </Component> -->
	
	<Component ID="#VOL_NODE_NAME#" Node="#VOL_NODE_NAME#">
		<UseTemplate Name="GT_Knob_Infinite">
			<ANIM_NAME>#VOL_ANIM_NAME#</ANIM_NAME>
			<CLOCKWISE_CODE>(&gt;K:AUDIO_PANEL_VOLUME_INC)</CLOCKWISE_CODE>
			<ANTICLOCKWISE_CODE>(&gt;K:AUDIO_PANEL_VOLUME_DEC)</ANTICLOCKWISE_CODE>
			<ANIMREF_ID>-1</ANIMREF_ID>
			<ANIMTIP_0>TT:COCKPIT.TOOLTIPS.INTERCOM_SENSITIVITY_DECREASE</ANIMTIP_0>
			<ANIMTIP_0_ON_CURSOR>TurnLeft</ANIMTIP_0_ON_CURSOR>
			<ANIMTIP_1>TT:COCKPIT.TOOLTIPS.INTERCOM_SENSITIVITY_INCREASE</ANIMTIP_1>
			<ANIMTIP_1_ON_CURSOR>TurnRight</ANIMTIP_1_ON_CURSOR>
			<WWISE_EVENT>intercom_volume_knob</WWISE_EVENT>	
			<COUNT>36</COUNT>
		</UseTemplate>
	</Component>
	
	<!-- Squelch Knob - currently Dummy -->
	<Component ID="#SQ_NODE_NAME#" Node="#SQ_NODE_NAME#">
		<UseTemplate Name="GT_Knob_Infinite">
			<ANIM_NAME>#SQ_ANIM_NAME#</ANIM_NAME>
			<CLOCKWISE_CODE>0</CLOCKWISE_CODE>
			<ANTICLOCKWISE_CODE>0</ANTICLOCKWISE_CODE>
			<ANIMREF_ID>-1</ANIMREF_ID>
			<ANIMTIP_0>TT:COCKPIT.TOOLTIPS.INOP TT:COCKPIT.TOOLTIPS.INTERCOM_SENSITIVITY_DECREASE</ANIMTIP_0>
			<ANIMTIP_0_ON_CURSOR>TurnLeft</ANIMTIP_0_ON_CURSOR>
			<ANIMTIP_1>TT:COCKPIT.TOOLTIPS.INOP TT:COCKPIT.TOOLTIPS.INTERCOM_SENSITIVITY_INCREASE</ANIMTIP_1>
			<ANIMTIP_1_ON_CURSOR>TurnRight</ANIMTIP_1_ON_CURSOR>
			<WWISE_EVENT>intercom_squelch_knob</WWISE_EVENT>	
			<COUNT>36</COUNT>
		</UseTemplate>
	</Component>
</Template>

<Template Name="AUDIO_AudioPanel_Template">
	<DefaultTemplateParameters>
		<ID>1</ID>
	</DefaultTemplateParameters>
	
	<UseTemplate Name="GT_Helper_Suffix_ID_Appender">
		<TEMPLATE_TO_CALL>AUDIO_AudioPanel_SubTemplate</TEMPLATE_TO_CALL>
	</UseTemplate>
</Template>

<Template Name="AUDIO_AudioPanel_SubTemplate">
	<DefaultTemplateParameters>
		<DECAL_POTENTIOMETER>4</DECAL_POTENTIOMETER>
		<VOLUME_ANIM_NAME>AUDIO_Knob_Volume#SUFFIX_ID#</VOLUME_ANIM_NAME>
		<VOLUME_NODE_ID>AUDIO_Knob_Volume#SUFFIX_ID#</VOLUME_NODE_ID>
		<TRANSMISSION_ANIM_NAME>AUDIO_Knob_Selector#SUFFIX_ID#</TRANSMISSION_ANIM_NAME>
		<TRANSMISSION_NODE_ID>AUDIO_Knob_Selector#SUFFIX_ID#</TRANSMISSION_NODE_ID>
		<MARKER_ANIM_NAME>AUDIO_Switch_Marker#SUFFIX_ID#</MARKER_ANIM_NAME>
		<MARKER_NODE_ID>AUDIO_Switch_Marker#SUFFIX_ID#</MARKER_NODE_ID>
		<INTERCOM_ANIM_NAME>AUDIO_Switch_Intercom#SUFFIX_ID#</INTERCOM_ANIM_NAME>
		<INTERCOM_NODE_ID>AUDIO_Switch_Intercom#SUFFIX_ID#</INTERCOM_NODE_ID>
		<COM1_NODE_ID>AUDIO_Push_COM1#SUFFIX_ID#</COM1_NODE_ID>
		<COM1_ANIM_NAME>AUDIO_Push_COM1#SUFFIX_ID#</COM1_ANIM_NAME>
		<COM2_NODE_ID>AUDIO_Push_COM2#SUFFIX_ID#</COM2_NODE_ID>
		<COM2_ANIM_NAME>AUDIO_Push_COM2#SUFFIX_ID#</COM2_ANIM_NAME>
		<NAV1_NODE_ID>AUDIO_Push_NAV1#SUFFIX_ID#</NAV1_NODE_ID>
		<NAV1_ANIM_NAME>AUDIO_Push_NAV1#SUFFIX_ID#</NAV1_ANIM_NAME>
		<NAV2_NODE_ID>AUDIO_Push_NAV2#SUFFIX_ID#</NAV2_NODE_ID>
		<NAV2_ANIM_NAME>AUDIO_Push_NAV2#SUFFIX_ID#</NAV2_ANIM_NAME>
		<MKR_NODE_ID>AUDIO_Push_MKR#SUFFIX_ID#</MKR_NODE_ID>
		<MKR_ANIM_NAME>AUDIO_Push_MKR#SUFFIX_ID#</MKR_ANIM_NAME>
		<ICS_NODE_ID>AUDIO_Push_ICS#SUFFIX_ID#</ICS_NODE_ID>
		<ICS_ANIM_NAME>AUDIO_Push_ICS#SUFFIX_ID#</ICS_ANIM_NAME>
		<ADF_NODE_ID>AUDIO_Push_ADF#SUFFIX_ID#</ADF_NODE_ID>
		<ADF_ANIM_NAME>AUDIO_Push_ADF#SUFFIX_ID#</ADF_ANIM_NAME>
		<AUX_NODE_ID>AUDIO_Push_AUX#SUFFIX_ID#</AUX_NODE_ID>
		<AUX_ANIM_NAME>AUDIO_Push_AUX#SUFFIX_ID#</AUX_ANIM_NAME>
		<DME_NODE_ID>AUDIO_Push_DME#SUFFIX_ID#</DME_NODE_ID>
		<DME_ANIM_NAME>AUDIO_Push_DME#SUFFIX_ID#</DME_ANIM_NAME>
		<SPR_NODE_ID>AUDIO_Push_SPR#SUFFIX_ID#</SPR_NODE_ID>
		<SPR_ANIM_NAME>AUDIO_Push_SPR#SUFFIX_ID#</SPR_ANIM_NAME>
		<SWAP_NODE_ID>AUDIO_Indicator_Swap#SUFFIX_ID#</SWAP_NODE_ID>
		<TRANSMIT_NODE_ID>AUDIO_Indicator_Transmit#SUFFIX_ID#</TRANSMIT_NODE_ID>
		<INDICATOR_O_NODE_ID>AUDIO_Indicator_O#SUFFIX_ID#</INDICATOR_O_NODE_ID>
		<INDICATOR_M_NODE_ID>AUDIO_Indicator_M#SUFFIX_ID#</INDICATOR_M_NODE_ID>
		<INDICATOR_I_NODE_ID>AUDIO_Indicator_I#SUFFIX_ID#</INDICATOR_I_NODE_ID>
		<DECALS_NODE_ID>AUDIO_Decals_Emissive#SUFFIX_ID#</DECALS_NODE_ID>
		<Switch>
			<Case Check="POTENTIOMETER">
				<EMISSIVE_CODE>(A:LIGHT POTENTIOMETER:#POTENTIOMETER#, Percent over 100)</EMISSIVE_CODE>
			</Case>
			<Case Check="SIMVAR_POWER_SETTING">
				<EMISSIVE_CODE>(A:#SIMVAR_POWER_SETTING#, Percent over 100)</EMISSIVE_CODE>
			</Case>
			<Default>
				<EMISSIVE_CODE>1</EMISSIVE_CODE>
			</Default>
		</Switch>
	</DefaultTemplateParameters>
	
	<UseTemplate Name="AUDIO_AudioPanel_SubTemplate2">
	</UseTemplate>
</Template>
<Template Name="AUDIO_AudioPanel_SubTemplate2">
	<DefaultTemplateParameters>
		<Condition Check="NO_INDICATORS">
			<False>
				<COM1_INDICATOR_NODE_ID>AUDIO_Push_COM1_Active#SUFFIX_ID#</COM1_INDICATOR_NODE_ID>
				<COM2_INDICATOR_NODE_ID>AUDIO_Push_COM2_Active#SUFFIX_ID#</COM2_INDICATOR_NODE_ID>
				<NAV1_INDICATOR_NODE_ID>AUDIO_Push_NAV1_Active#SUFFIX_ID#</NAV1_INDICATOR_NODE_ID>
				<NAV2_INDICATOR_NODE_ID>AUDIO_Push_NAV2_Active#SUFFIX_ID#</NAV2_INDICATOR_NODE_ID>
				<MKR_INDICATOR_NODE_ID>AUDIO_Push_MKR_Active#SUFFIX_ID#</MKR_INDICATOR_NODE_ID>
				<ICS_INDICATOR_NODE_ID>AUDIO_Push_ICS_Active#SUFFIX_ID#</ICS_INDICATOR_NODE_ID>
				<ADF_INDICATOR_NODE_ID>AUDIO_Push_ADF_Active#SUFFIX_ID#</ADF_INDICATOR_NODE_ID>
				<AUX_INDICATOR_NODE_ID>AUDIO_Push_AUX_Active#SUFFIX_ID#</AUX_INDICATOR_NODE_ID>
				<DME_INDICATOR_NODE_ID>AUDIO_Push_DME_Active#SUFFIX_ID#</DME_INDICATOR_NODE_ID>
				<SPR_INDICATOR_NODE_ID>AUDIO_Push_SPR_Active#SUFFIX_ID#</SPR_INDICATOR_NODE_ID>
			</False>
		</Condition>
		<VOLUME_KNOB_AUDIO_COUNT>5</VOLUME_KNOB_AUDIO_COUNT>
	</DefaultTemplateParameters>

	<UseTemplate Name="AUDIO_Button_Template">
		<ANIM_NAME>#ADF_ANIM_NAME#</ANIM_NAME>
		<NODE_ID>#ADF_NODE_ID#</NODE_ID>
		<Condition Check="ADF_INDICATOR_NODE_ID">
			<True>
				<INDICATOR_NODE_ID>#ADF_INDICATOR_NODE_ID#</INDICATOR_NODE_ID>
			</True>
		</Condition>
		<ID>ADF</ID>
		<LEFT_SINGLE_CODE>(&gt;K:RADIO_ADF_IDENT_TOGGLE)</LEFT_SINGLE_CODE>
		<EMISSIVE_INDICATOR_CODE>(A:ADF SOUND, bool)</EMISSIVE_INDICATOR_CODE>
		
		<TOOLTIPID>%((A:ADF SOUND, bool))%{if}TT:COCKPIT.TOOLTIPS.NAVCOM_ADF_ON%{else}TT:COCKPIT.TOOLTIPS.NAVCOM_ADF_OFF%{end}</TOOLTIPID>
		
	</UseTemplate>
	<UseTemplate Name="AUDIO_Button_Template">
		<ANIM_NAME>#AUX_ANIM_NAME#</ANIM_NAME>
		<NODE_ID>#AUX_NODE_ID#</NODE_ID>
		<Condition Check="AUX_INDICATOR_NODE_ID">
			<True>
				<INDICATOR_NODE_ID>#AUX_INDICATOR_NODE_ID#</INDICATOR_NODE_ID>
			</True>
		</Condition>
		<ID>AUX</ID>
		<LEFT_SINGLE_CODE>(L:XMLVAR_AudioPanel) ! (&gt;L:XMLVAR_AudioPanel)</LEFT_SINGLE_CODE>
		<EMISSIVE_INDICATOR_CODE>(L:XMLVAR_AudioPanel)</EMISSIVE_INDICATOR_CODE>
		
		<TOOLTIPID>%((L:XMLVAR_AudioPanel, bool))%{if}TT:COCKPIT.TOOLTIPS.NAVCOM_AUX_ON%{else}TT:COCKPIT.TOOLTIPS.NAVCOM_AUX_OFF%{end}</TOOLTIPID>
		
	</UseTemplate>
	<UseTemplate Name="AUDIO_Button_Template">
		<ANIM_NAME>#COM1_ANIM_NAME#</ANIM_NAME>
		<NODE_ID>#COM1_NODE_ID#</NODE_ID>
		<Condition Check="COM1_INDICATOR_NODE_ID">
			<True>
				<INDICATOR_NODE_ID>#COM1_INDICATOR_NODE_ID#</INDICATOR_NODE_ID>
			</True>
		</Condition>
		<ID>COM1</ID>
		<LEFT_SINGLE_CODE>(A:COM RECEIVE:1, bool) ! (&gt;K:COM1_RECEIVE_SELECT)</LEFT_SINGLE_CODE>
		<EMISSIVE_INDICATOR_CODE>(A:COM RECEIVE:1, bool)</EMISSIVE_INDICATOR_CODE>
		
		<TOOLTIPID>%((A:COM RECEIVE:1, bool))%{if}TT:COCKPIT.TOOLTIPS.NAVCOM_COM1_ON%{else}TT:COCKPIT.TOOLTIPS.NAVCOM_COM1_OFF%{end}</TOOLTIPID>
		
	</UseTemplate>
	<UseTemplate Name="AUDIO_Button_Template">
		<ANIM_NAME>#COM2_ANIM_NAME#</ANIM_NAME>
		<NODE_ID>#COM2_NODE_ID#</NODE_ID>
		<Condition Check="COM2_INDICATOR_NODE_ID">
			<True>
				<INDICATOR_NODE_ID>#COM2_INDICATOR_NODE_ID#</INDICATOR_NODE_ID>
			</True>
		</Condition>
		<ID>COM2</ID>
		<LEFT_SINGLE_CODE>(A:COM RECEIVE:2, bool) ! (&gt;K:COM2_RECEIVE_SELECT)</LEFT_SINGLE_CODE>
		<EMISSIVE_INDICATOR_CODE>(A:COM RECEIVE:2, bool)</EMISSIVE_INDICATOR_CODE>
		
		<TOOLTIPID>%((A:COM RECEIVE:2, bool))%{if}TT:COCKPIT.TOOLTIPS.NAVCOM_COM2_ON%{else}TT:COCKPIT.TOOLTIPS.NAVCOM_COM2_OFF%{end}</TOOLTIPID>
		
	</UseTemplate>
	<UseTemplate Name="AUDIO_Button_Template">
		<ANIM_NAME>#NAV1_ANIM_NAME#</ANIM_NAME>
		<NODE_ID>#NAV1_NODE_ID#</NODE_ID>
		<Condition Check="NAV1_INDICATOR_NODE_ID">
			<True>
				<INDICATOR_NODE_ID>#NAV1_INDICATOR_NODE_ID#</INDICATOR_NODE_ID>
			</True>
		</Condition>
		<ID>NAV1</ID>
		<LEFT_SINGLE_CODE>(&gt;K:RADIO_VOR1_IDENT_TOGGLE)</LEFT_SINGLE_CODE>
		<EMISSIVE_INDICATOR_CODE>(A:NAV SOUND:1, bool)</EMISSIVE_INDICATOR_CODE>
		
		<TOOLTIPID>%((A:NAV SOUND:1, bool))%{if}TT:COCKPIT.TOOLTIPS.NAVCOM_NAV1_ON%{else}TT:COCKPIT.TOOLTIPS.NAVCOM_NAV1_OFF%{end}</TOOLTIPID>
		
	</UseTemplate>
	<UseTemplate Name="AUDIO_Button_Template">
		<ANIM_NAME>#NAV2_ANIM_NAME#</ANIM_NAME>
		<NODE_ID>#NAV2_NODE_ID#</NODE_ID>
		<Condition Check="NAV2_INDICATOR_NODE_ID">
			<True>
				<INDICATOR_NODE_ID>#NAV2_INDICATOR_NODE_ID#</INDICATOR_NODE_ID>
			</True>
		</Condition>
		<ID>NAV2</ID>
		<LEFT_SINGLE_CODE>(&gt;K:RADIO_VOR2_IDENT_TOGGLE)</LEFT_SINGLE_CODE>
		<EMISSIVE_INDICATOR_CODE>(A:NAV SOUND:2, bool)</EMISSIVE_INDICATOR_CODE>
		
		<TOOLTIPID>%((A:NAV SOUND:2, bool))%{if}TT:COCKPIT.TOOLTIPS.NAVCOM_NAV2_ON%{else}TT:COCKPIT.TOOLTIPS.NAVCOM_NAV2_OFF%{end}</TOOLTIPID>
		
	</UseTemplate>
	<UseTemplate Name="AUDIO_Button_Template">
		<ANIM_NAME>#DME_ANIM_NAME#</ANIM_NAME>
		<NODE_ID>#DME_NODE_ID#</NODE_ID>
		<Condition Check="DME_INDICATOR_NODE_ID">
			<True>
				<INDICATOR_NODE_ID>#DME_INDICATOR_NODE_ID#</INDICATOR_NODE_ID>
			</True>
		</Condition>
		<ID>DME</ID>
		<LEFT_SINGLE_CODE>(&gt;K:RADIO_SELECTED_DME_IDENT_TOGGLE)</LEFT_SINGLE_CODE>
		<EMISSIVE_INDICATOR_CODE>(A:DME SOUND, bool)</EMISSIVE_INDICATOR_CODE>
		
		<TOOLTIPID>%((A:DME SOUND, bool))%{if}TT:COCKPIT.TOOLTIPS.NAVCOM_DME_ON%{else}TT:COCKPIT.TOOLTIPS.NAVCOM_DME_OFF%{end}</TOOLTIPID>
		
	</UseTemplate>
	<UseTemplate Name="AUDIO_Button_Template">
		<ANIM_NAME>#ICS_ANIM_NAME#</ANIM_NAME>
		<NODE_ID>#ICS_NODE_ID#</NODE_ID>
		<Condition Check="ICS_INDICATOR_NODE_ID">
			<True>
				<INDICATOR_NODE_ID>#ICS_INDICATOR_NODE_ID#</INDICATOR_NODE_ID>
			</True>
		</Condition>
		<ID>ICS</ID>
		<LEFT_SINGLE_CODE>(&gt;K:TOGGLE_ICS)</LEFT_SINGLE_CODE>
		<EMISSIVE_INDICATOR_CODE>(A:INTERCOM SYSTEM ACTIVE, bool)</EMISSIVE_INDICATOR_CODE>
		
		<TOOLTIPID>%((A:INTERCOM SYSTEM ACTIVE, bool))%{if}TT:COCKPIT.TOOLTIPS.NAVCOM_ICS_ON%{else}TT:COCKPIT.TOOLTIPS.NAVCOM_ICS_OFF%{end}</TOOLTIPID>

	</UseTemplate>
	<UseTemplate Name="AUDIO_Button_Template">
		<ANIM_NAME>#MKR_ANIM_NAME#</ANIM_NAME>
		<NODE_ID>#MKR_NODE_ID#</NODE_ID>
		<Condition Check="MKR_INDICATOR_NODE_ID">
			<True>
				<INDICATOR_NODE_ID>#MKR_INDICATOR_NODE_ID#</INDICATOR_NODE_ID>
			</True>
		</Condition>
		<ID>MKR</ID>
		<LEFT_SINGLE_CODE>(&gt;K:MARKER_SOUND_TOGGLE)</LEFT_SINGLE_CODE>
		<EMISSIVE_INDICATOR_CODE>(A:MARKER SOUND, bool)</EMISSIVE_INDICATOR_CODE>

		<TOOLTIPID>%((A:MARKER SOUND, bool))%{if}TT:COCKPIT.TOOLTIPS.NAVCOM_MKR_ON%{else}TT:COCKPIT.TOOLTIPS.NAVCOM_MKR_OFF%{end}</TOOLTIPID>

	</UseTemplate>
	<UseTemplate Name="AUDIO_Button_Template">
		<ANIM_NAME>#SPR_ANIM_NAME#</ANIM_NAME>
		<NODE_ID>#SPR_NODE_ID#</NODE_ID>
		<Condition Check="SPR_INDICATOR_NODE_ID">
			<True>
				<INDICATOR_NODE_ID>#SPR_INDICATOR_NODE_ID#</INDICATOR_NODE_ID>
			</True>
		</Condition>
		<ID>SPR</ID>
		<LEFT_SINGLE_CODE>(&gt;K:TOGGLE_SPEAKER)</LEFT_SINGLE_CODE>
		<EMISSIVE_INDICATOR_CODE>(A:SPEAKER ACTIVE, bool)</EMISSIVE_INDICATOR_CODE>
		
		<TOOLTIPID>%((A:SPEAKER ACTIVE, bool))%{if}TT:COCKPIT.TOOLTIPS.NAVCOM_SPR_ON%{else}TT:COCKPIT.TOOLTIPS.NAVCOM_SPR_OFF%{end}</TOOLTIPID>
		
	</UseTemplate>
	
	<UseTemplate Name="AudioPanel_Knob_Volume_Template">
		<ANIM_NAME>#VOLUME_ANIM_NAME#</ANIM_NAME>
		<NODE_ID>#VOLUME_NODE_ID#</NODE_ID>
		<ANIMREF_ID>0</ANIMREF_ID>
		<ANIMTIP_0>TT:COCKPIT.TOOLTIPS.AUDIOPANEL_VOLUME_DECREASE</ANIMTIP_0>
		<ANIMTIP_0_ON_CURSOR>TurnLeft</ANIMTIP_0_ON_CURSOR>
		<ANIMTIP_1>TT:COCKPIT.TOOLTIPS.AUDIOPANEL_VOLUME_INCREASE</ANIMTIP_1>
		<ANIMTIP_1_ON_CURSOR>TurnRight</ANIMTIP_1_ON_CURSOR>
		<WWISE_EVENT>navcom_volume_knob</WWISE_EVENT>
		<COUNT>36</COUNT>
	</UseTemplate>
	
	<Component ID="AUDIO_Knob_Transmission" Node="#TRANSMISSION_NODE_ID#">
		<UseTemplate Name="GT_Switch_6States">
			<ANIM_NAME>#TRANSMISSION_ANIM_NAME#</ANIM_NAME>
			<CODE_POS_0>
				2 (&gt;K:PILOT_TRANSMITTER_SET) 
				2 (&gt;K:COPILOT_TRANSMITTER_SET)
			</CODE_POS_0>
			<CODE_POS_1>
				1 (&gt;K:PILOT_TRANSMITTER_SET) 
				1 (&gt;K:COPILOT_TRANSMITTER_SET)
			</CODE_POS_1>
			<CODE_POS_2>
				0 (&gt;K:PILOT_TRANSMITTER_SET) 
				0 (&gt;K:COPILOT_TRANSMITTER_SET)
			</CODE_POS_2>
			<CODE_POS_3>
				0 (&gt;K:PILOT_TRANSMITTER_SET) 
				1 (&gt;K:COPILOT_TRANSMITTER_SET)
			</CODE_POS_3>
			<CODE_POS_4>
				1 (&gt;K:PILOT_TRANSMITTER_SET) 
				0 (&gt;K:COPILOT_TRANSMITTER_SET)
			</CODE_POS_4>
			<CODE_POS_5>
				4 (&gt;K:PILOT_TRANSMITTER_SET) 
				5 (&gt;K:COPILOT_TRANSMITTER_SET)
			</CODE_POS_5>
			<STATE0_TEST>
				(A:PILOT TRANSMITTER TYPE, Enum) 2 == 
				(A:COPILOT TRANSMITTER TYPE, Enum) 2 == and
			</STATE0_TEST>
			<STATE1_TEST>
				(A:PILOT TRANSMITTER TYPE, Enum) 1 == 
				(A:COPILOT TRANSMITTER TYPE, Enum) 1 == and
			</STATE1_TEST>
			<STATE2_TEST>
				(A:PILOT TRANSMITTER TYPE, Enum) 0 == 
				(A:COPILOT TRANSMITTER TYPE, Enum) 0 == and
			</STATE2_TEST>
			<STATE3_TEST>
				(A:PILOT TRANSMITTER TYPE, Enum) 0 == 
				(A:COPILOT TRANSMITTER TYPE, Enum) 1 == and
			</STATE3_TEST>
			<STATE4_TEST>
				(A:PILOT TRANSMITTER TYPE, Enum) 1 == 
				(A:COPILOT TRANSMITTER TYPE, Enum) 0 == and
			</STATE4_TEST>
			<STATE5_TEST>
				(A:PILOT TRANSMITTER TYPE, Enum) 4 == 
				(A:COPILOT TRANSMITTER TYPE, Enum) 5 == and
			</STATE5_TEST>
			
			<SWITCH_DIRECTION>Horizontal</SWITCH_DIRECTION>
			
			<ARROW_TYPE>Curved</ARROW_TYPE>
			<WWISE_EVENT>audio_knob_transmission</WWISE_EVENT>
			<COUNT>#VOLUME_KNOB_AUDIO_COUNT#</COUNT>
			
			
			<ANIMTIP_5>TT:COCKPIT.TOOLTIPS.NAVCOM_MIC_TEL</ANIMTIP_5>
			<ANIMTIP_4>TT:COCKPIT.TOOLTIPS.NAVCOM_MIC_COM_2_1</ANIMTIP_4>
			<ANIMTIP_3>TT:COCKPIT.TOOLTIPS.NAVCOM_MIC_COM_1_2</ANIMTIP_3>
			<ANIMTIP_2>TT:COCKPIT.TOOLTIPS.NAVCOM_MIC_COM1</ANIMTIP_2>
			<ANIMTIP_1>TT:COCKPIT.TOOLTIPS.NAVCOM_MIC_COM2</ANIMTIP_1>
			<ANIMTIP_0>TT:COCKPIT.TOOLTIPS.NAVCOM_MIC_COM3</ANIMTIP_0>
			
		</UseTemplate>
	</Component>
	
	<Component ID="AUDIO_Switch_Marker" Node="#MARKER_NODE_ID#">
		<UseTemplate Name="GT_Switch_3States">
			<ANIM_NAME>#MARKER_ANIM_NAME#</ANIM_NAME>
			<CODE_POS_0>
				0 (&gt;K:MARKER_BEACON_TEST_MUTE)
				1 (&gt;K:MARKER_BEACON_SENSITIVITY_HIGH)
			</CODE_POS_0>
			<CODE_POS_1>
				0 (&gt;K:MARKER_BEACON_TEST_MUTE)
				0 (&gt;K:MARKER_BEACON_SENSITIVITY_HIGH)
			</CODE_POS_1>
			<CODE_POS_2>
				1 (&gt;K:MARKER_BEACON_TEST_MUTE)
				0 (&gt;K:MARKER_BEACON_SENSITIVITY_HIGH)
			</CODE_POS_2>
			<STATE0_TEST>
				(A:MARKER BEACON TEST MUTE, Enum) !
				(A:MARKER BEACON SENSITIVITY HIGH, Bool) and
			</STATE0_TEST>
			<STATE1_TEST>
				(A:MARKER BEACON TEST MUTE, Enum) !
				(A:MARKER BEACON SENSITIVITY HIGH, Bool) ! and
			</STATE1_TEST>
			<STATE2_TEST>
				(A:MARKER BEACON TEST MUTE, Enum)
				(A:MARKER BEACON SENSITIVITY HIGH, Bool) ! and
			</STATE2_TEST>
			<WWISE_EVENT>audio_switch_marker</WWISE_EVENT>
			<ANIMTIP_0>TT:COCKPIT.TOOLTIPS.NAVCOM_MARKER_SWITCH_HI</ANIMTIP_0>
			<ANIMTIP_1>TT:COCKPIT.TOOLTIPS.NAVCOM_MARKER_SWITCH_LO</ANIMTIP_1>
			<ANIMTIP_2>TT:COCKPIT.TOOLTIPS.NAVCOM_MARKER_SWITCH_TEST</ANIMTIP_2>
			
		</UseTemplate>
	</Component>
	
	<Component ID="AUDIO_Switch_Intercom" Node="#INTERCOM_NODE_ID#">
		<UseTemplate Name="GT_Switch_3States">
			<ANIM_NAME>#INTERCOM_ANIM_NAME#</ANIM_NAME>
			<CODE_POS_0>
				0 (&gt;K:INTERCOM_MODE_SET)
			</CODE_POS_0>
			<CODE_POS_1>
				1 (&gt;K:INTERCOM_MODE_SET)
			</CODE_POS_1>
			<CODE_POS_2>
				2 (&gt;K:INTERCOM_MODE_SET)
			</CODE_POS_2>
			<STATE0_TEST>
				(A:INTERCOM MODE, Enum) 0 ==
			</STATE0_TEST>
			<STATE1_TEST>
				(A:INTERCOM MODE, Enum) 1 ==
			</STATE1_TEST>
			<STATE2_TEST>
				(A:INTERCOM MODE, Enum) 2 ==
			</STATE2_TEST>
			<WWISE_EVENT>audio_switch_intercom</WWISE_EVENT>
			
			<ANIMTIP_0>TT:COCKPIT.TOOLTIPS.NAVCOM_ICS_MODE_ISO</ANIMTIP_0>
			<ANIMTIP_1>TT:COCKPIT.TOOLTIPS.NAVCOM_ICS_MODE_ALL</ANIMTIP_1>
			<ANIMTIP_2>TT:COCKPIT.TOOLTIPS.NAVCOM_ICS_MODE_CREW</ANIMTIP_2>
			
		</UseTemplate>
	</Component>
	
	<Component ID="AUDIO_Indicator_Swap" Node="#SWAP_NODE_ID#">
		<UseTemplate Name="GT_Emissive_Gauge">
			<EMISSIVE_CODE>0</EMISSIVE_CODE>
		</UseTemplate>
	</Component>
	
	<Component ID="AUDIO_Indicator_Transmit" Node="#TRANSMIT_NODE_ID#">
		<UseTemplate Name="GT_Emissive_Gauge">
			<EMISSIVE_CODE>(A:PILOT TRANSMITTING, Bool) (A:COPILOT TRANSMITTING, Bool) or</EMISSIVE_CODE>
		</UseTemplate>
	</Component>
	<Condition Check="NO_OMI_INDICATORS">
		<False>
			<UseTemplate Name="AUDIO_Indicator_O_Component">
				<NODE_ID>#INDICATOR_O_NODE_ID#</NODE_ID>
			</UseTemplate>
			<UseTemplate Name="AUDIO_Indicator_M_Component">
				<NODE_ID>#INDICATOR_M_NODE_ID#</NODE_ID>
			</UseTemplate>
			<UseTemplate Name="AUDIO_Indicator_I_Component">
				<NODE_ID>#INDICATOR_I_NODE_ID#</NODE_ID>
			</UseTemplate>
		</False>
	</Condition>
	
	<UseTemplate Name="LIGHTING_Radio_Emissive_Template">
		<NODE_ID>#DECALS_NODE_ID#</NODE_ID>
		<POTENTIOMETER>#DECAL_POTENTIOMETER#</POTENTIOMETER>
	</UseTemplate>
</Template>

<!--
Required parameters:
	ID
	RADIO_TYPE (Com or Nav)
-->

<Template Name="NavCom_Knob_Small_Template">
	<DefaultTemplateParameters>
		<SIZE>Small</SIZE>
		<UNIT>KHz</UNIT>
	</DefaultTemplateParameters>
	
	<UseTemplate Name="NavCom_Knob_Template">
	</UseTemplate>
</Template>

<!--
Required parameters:
	ID
	RADIO_TYPE (Com or Nav)
-->

<Template Name="NavCom_Knob_Large_Template">
	<DefaultTemplateParameters>
		<SIZE>Large</SIZE>
		<UNIT>MHz</UNIT>
	</DefaultTemplateParameters>
	
	<UseTemplate Name="NavCom_Knob_Template">
	</UseTemplate>
</Template>

<!--
Required parameters:
	ID
	RADIO_TYPE (Com or Nav)
	SIZE
	UNIT
-->

<Template Name="NavCom_Knob_Template">
	<DefaultTemplateParameters>
		<ANIM_NAME_PUSH>#RADIO_TYPE#_Knob_#UNIT#_#ID#_Push</ANIM_NAME_PUSH>
		<ANIM_NAME_KNOB>#RADIO_TYPE#_Knob_#UNIT#_#ID#</ANIM_NAME_KNOB>
		<NODE_ID_KNOB>#RADIO_TYPE#_Knob_#UNIT#_#ID#</NODE_ID_KNOB>
	</DefaultTemplateParameters>
	<UseTemplate Name="NavCom_Knob_#SIZE#_SubTemplate">
	</UseTemplate>
</Template>

<Template Name="NavCom_Knob_Large_SubTemplate">
	<DefaultTemplateParameters>
		<ANIM_NAME>#ANIM_NAME_KNOB#</ANIM_NAME>
		<IDSIMVAR></IDSIMVAR><!-- To Remove once we use HTML Events - Only here to handle the fact that the key is named KEY_COM_RADIO_WHOLE_INC instead of KEY_COM1_RADIO_WHOLE_INC -->
	</DefaultTemplateParameters>
	
	<Component ID="#NODE_ID_KNOB#" Node="#NODE_ID_KNOB#">
		<PartID>KNOB_#RADIO_TYPE##ID#_#UNIT#</PartID>
		<UseTemplate Name="GT_Knob_Infinite">
		<!--
			<CLOCKWISE_CODE>(&gt;H:RADIO#ID#_#RADIO_TYPE#_Knob_Large_INC)</CLOCKWISE_CODE>
			<ANTICLOCKWISE_CODE>(&gt;H:RADIO#ID#_#RADIO_TYPE#_Knob_Large_DEC)</ANTICLOCKWISE_CODE>
		-->
			<CLOCKWISE_CODE>(&gt;K:#RADIO_TYPE##IDSIMVAR#_RADIO_WHOLE_INC)</CLOCKWISE_CODE>
			<ANTICLOCKWISE_CODE>(&gt;K:#RADIO_TYPE##IDSIMVAR#_RADIO_WHOLE_DEC)</ANTICLOCKWISE_CODE>
		</UseTemplate>
	</Component>
</Template>

<Template Name="NavCom_Knob_Small_SubTemplate">
	<DefaultTemplateParameters>
		<IDSIMVAR></IDSIMVAR> <!-- To Remove once we use HTML Events - Only here to handle the fact that the key is named KEY_COM_RADIO_WHOLE_INC instead of KEY_COM1_RADIO_WHOLE_INC -->
	</DefaultTemplateParameters>
	
	<Component ID="#NODE_ID_KNOB#" Node="#NODE_ID_KNOB#">
		<PartID>KNOB_#RADIO_TYPE##ID#_#UNIT#</PartID>
		<UseTemplate Name="GT_Knob_Infinite_Push">
			<!--
			<CLOCKWISE_CODE>(&gt;H:RADIO#ID#_#RADIO_TYPE#_Knob_Small_INC)</CLOCKWISE_CODE>
			<ANTICLOCKWISE_CODE>(&gt;H:RADIO#ID#_#RADIO_TYPE#_Knob_Small_DEC)</ANTICLOCKWISE_CODE>
			-->
			<CLOCKWISE_CODE>(&gt;K:#RADIO_TYPE##IDSIMVAR#_RADIO_FRACT_INC)</CLOCKWISE_CODE>
			<ANTICLOCKWISE_CODE>(&gt;K:#RADIO_TYPE##IDSIMVAR#_RADIO_FRACT_DEC)</ANTICLOCKWISE_CODE>
			<LEFT_SINGLE_CODE>(&gt;H:RADIO#ID#_#RADIO_TYPE#_Knob_Small_PUSH)</LEFT_SINGLE_CODE>
			<WWISE_EVENT_1>navcom_knob_push_button_on</WWISE_EVENT_1> 
			<NORMALIZED_TIME_1>0.1</NORMALIZED_TIME_1>			
			<WWISE_EVENT_2>navcom_knob_push_button_off</WWISE_EVENT_2>    
			<NORMALIZED_TIME_2>0.3</NORMALIZED_TIME_2>		   
		</UseTemplate>
	</Component>
</Template>

<Template Name="Swap_Button_Template">
	<UseTemplate Name="Swap_Button_SubTemplate">
	</UseTemplate>
</Template>

<Template Name="Swap_Button_SubTemplate">
	<DefaultTemplateParameters>
		<NODE_ID>#RADIO_TYPE#_Push_Swap_#ID#</NODE_ID>
		<ANIM_NAME>#RADIO_TYPE#_Push_Swap_#ID#</ANIM_NAME>
		<IDSIMVAR>1</IDSIMVAR> <!-- To Remove once we use HTML Events - Only here to handle the fact that the key is named KEY_COM_RADIO_WHOLE_INC instead of KEY_COM1_RADIO_WHOLE_INC -->
		<WWISE_EVENT_1>swap_push_button_on</WWISE_EVENT_1>
		<NORMALIZED_TIME_1>0.1</NORMALIZED_TIME_1>		
		<WWISE_EVENT_2>swap_push_button_off</WWISE_EVENT_2>  
		<NORMALIZED_TIME_2>0.3</NORMALIZED_TIME_2>	
	</DefaultTemplateParameters>
	
	<Component ID="#NODE_ID#" Node="#NODE_ID#">
		<UseTemplate Name="GT_Push_Button_Timed">
		<!--
			<SHORT_CLICK_CODE>(&gt;H:RADIO#ID#_#RADIO_TYPE#_Swap_Fast)</SHORT_CLICK_CODE>
			<LONG_CLICK_CODE>(&gt;H:RADIO#ID#_#RADIO_TYPE#_Swap_Long)</LONG_CLICK_CODE>
		-->
			<SHORT_CLICK_CODE>(&gt;K:#RADIO_TYPE##IDSIMVAR#_RADIO_SWAP)</SHORT_CLICK_CODE>
			<LONG_CLICK_CODE></LONG_CLICK_CODE>
		</UseTemplate>
		<UseTemplate Name="NavCom_EmissiveMaterialTemplate">
			<Condition Check="BUTTON_POTENTIOMETER">
				<False>
					<NO_POTENTIOMETER/>
				</False>
			</Condition>
		</UseTemplate>
	</Component>
</Template>

<Template Name="Volume_Knob_Template">
	<DefaultTemplateParameters>
		<CENTER_RADIUS>0.002</CENTER_RADIUS>
		<ANIM_LAG>100</ANIM_LAG>
	</DefaultTemplateParameters>
	<UseTemplate Name="Volume_Knob_Template_#RADIO_TYPE#">
	</UseTemplate>
</Template>

<Template Name="Volume_Knob_Template_NAV">
	<DefaultTemplateParameters>
		<LEFT_SINGLE_CODE>(&gt;K:RADIO_VOR#ID#_IDENT_TOGGLE)</LEFT_SINGLE_CODE>
		<ANIM_SIMVAR_SWITCH>NAV SOUND:#ID#</ANIM_SIMVAR_SWITCH>
		<ANIM_SIMVAR_UNITS_SWITCH>Bool</ANIM_SIMVAR_UNITS_SWITCH>
		<ANIM_SIMVAR_SCALE_SWITCH>100</ANIM_SIMVAR_SCALE_SWITCH>
		<ANIM_LAG_SWITCH>300</ANIM_LAG_SWITCH>
		<NODE_ID_KNOB>#RADIO_TYPE#_Knob_OnOff_#ID#</NODE_ID_KNOB>
		<ANIM_NAME_KNOB>#RADIO_TYPE#_Knob_OnOff_#ID#</ANIM_NAME_KNOB>
		<ANIM_NAME_SWITCH>#RADIO_TYPE#_Push_Ident_#ID#</ANIM_NAME_SWITCH>
	</DefaultTemplateParameters>

	<UseTemplate Name="Volume_Knob_SubTemplate">
	</UseTemplate>
</Template>

<Template Name="Volume_Knob_Template_COM">
	<DefaultTemplateParameters>
		<LEFT_SINGLE_CODE>(&gt;K:RADIO_COMMNAV#ID#_TEST_TOGGLE)</LEFT_SINGLE_CODE>
		<ANIM_SIMVAR_SWITCH>COM TEST:1</ANIM_SIMVAR_SWITCH>
		<ANIM_SIMVAR_UNITS_SWITCH>Bool</ANIM_SIMVAR_UNITS_SWITCH>
		<ANIM_SIMVAR_SCALE_SWITCH>100</ANIM_SIMVAR_SCALE_SWITCH>
		<ANIM_LAG_SWITCH>300</ANIM_LAG_SWITCH>
		<NODE_ID_KNOB>#RADIO_TYPE#_Knob_OnOff_#ID#</NODE_ID_KNOB>
		<ANIM_NAME_KNOB>#RADIO_TYPE#_Knob_OnOff_#ID#</ANIM_NAME_KNOB>
		<ANIM_NAME_SWITCH>#RADIO_TYPE#_Push_Test_#ID#</ANIM_NAME_SWITCH>
	</DefaultTemplateParameters>

	<UseTemplate Name="Volume_Knob_SubTemplate">
	</UseTemplate>
</Template>

<Template Name="Volume_Knob_SubTemplate">
	<DefaultTemplateParameters>
		<CIRCUIT_CODE_ON/>
		<CIRCUIT_CODE_OFF/>
		<Condition Check="CIRCUIT">
			<CIRCUIT_CODE_ON>
				(A:#RADIO_TYPE# VOLUME:#ID#, Percent) 0 &gt;
				(A:CIRCUIT SWITCH ON:#CIRCUIT#, Boolean) ! and if{
					#CIRCUIT# (&gt;K:ELECTRICAL_CIRCUIT_TOGGLE)
				}
			</CIRCUIT_CODE_ON>
			<CIRCUIT_CODE_OFF>
				(A:#RADIO_TYPE# VOLUME:#ID#, Percent) 0 ==
				(A:CIRCUIT SWITCH ON:#CIRCUIT#, Boolean) and if{
					#CIRCUIT# (&gt;K:ELECTRICAL_CIRCUIT_TOGGLE)
				}
			</CIRCUIT_CODE_OFF>
			<WWISE_EVENT>navcom_volume_knob</WWISE_EVENT>	
			<COUNT>16</COUNT>
			<WWISE_EVENT_1>navcom_audio_push_on</WWISE_EVENT_1>	
			<WWISE_EVENT_2>navcom_audio_push_off</WWISE_EVENT_2>
		</Condition>
	</DefaultTemplateParameters>
	<Component ID="#NODE_ID_KNOB#_#ID#" Node="#NODE_ID_KNOB#">
		<UseTemplate Name="GT_Knob_Finite_Switch">
			<USE_SIMVAR_FOR_KNOB_ANIM>True</USE_SIMVAR_FOR_KNOB_ANIM>
			<ANIM_SIMVAR_KNOB>#RADIO_TYPE# VOLUME:#ID#</ANIM_SIMVAR_KNOB>
			<ANIM_SIMVAR_UNITS_KNOB>Percent</ANIM_SIMVAR_UNITS_KNOB>
			<CLOCKWISE_CODE>
				(&gt;K:#RADIO_TYPE##ID#_VOLUME_INC)
				#CIRCUIT_CODE_ON#
			</CLOCKWISE_CODE>
			<ANTICLOCKWISE_CODE>
				(&gt;K:#RADIO_TYPE##ID#_VOLUME_DEC)
				#CIRCUIT_CODE_OFF#
			</ANTICLOCKWISE_CODE>
		</UseTemplate>
	</Component>
</Template>

<Template Name="NavCom_EmissiveMaterialTemplate">
	<DefaultTemplateParameters>
		<POTENTIOMETER>7</POTENTIOMETER>
		<BUTTON_EMISSIVE_FACTOR>1</BUTTON_EMISSIVE_FACTOR>
		<Condition Check="NO_POTENTIOMETER">
			<FAILURE>(A:CIRCUIT NAVCOM#ID# ON, Bool)</FAILURE>
		</Condition>
	</DefaultTemplateParameters>
	
	<UseTemplate Name="GT_Emissive_Gauge">
		<Condition Check="NO_POTENTIOMETER">
			<False>
				<EMISSIVE_CODE>(A:CIRCUIT NAVCOM#ID# ON, Bool) (A:LIGHT POTENTIOMETER:#POTENTIOMETER#, percent over 100) * #BUTTON_EMISSIVE_FACTOR# *</EMISSIVE_CODE>
			</False>
			<True>
				<EMISSIVE_CODE>(A:COM VOLUME:#ID#, Percent) 0 &gt; #BUTTON_EMISSIVE_FACTOR# *</EMISSIVE_CODE>
			</True>
		</Condition>
	</UseTemplate>
</Template>

<Template Name="AUDIO_Button_Template">
	<DefaultTemplateParameters>
		<NODE_ID>AUDIO_Push_#ID#</NODE_ID>
		<ANIM_NAME>AUDIO_Push_#ID#</ANIM_NAME>
	</DefaultTemplateParameters>
	
	<Component ID="#NODE_ID#" Node="#NODE_ID#">
		<UseTemplate Name="GT_Push_Button_Emissive">
			<WWISE_EVENT_1>navcom_push_button_on</WWISE_EVENT_1> 
			<NORMALIZED_TIME_1>0.1</NORMALIZED_TIME_1>
			<WWISE_EVENT_2>navcom_push_button_off</WWISE_EVENT_2>  
			<NORMALIZED_TIME_2>0.5</NORMALIZED_TIME_2>				
		</UseTemplate>
	</Component>
	
	<Condition Check="INDICATOR_NODE_ID">
		<Component ID="#INDICATOR_NODE_ID#" Node="#INDICATOR_NODE_ID#">
			<UseTemplate Name="GT_Emissive_Gauge">
				<EMISSIVE_CODE>#EMISSIVE_INDICATOR_CODE#</EMISSIVE_CODE>
			</UseTemplate>
		</Component>
	</Condition>
</Template>

<Template Name="NavCom_Push_GPS_Toggle">
	<DefaultTemplateParameters>
		<NODE_ID>NavCom_Push_GPS_Toggle</NODE_ID>
		<ANIM_NAME>NavCom_Push_GPS_Toggle</ANIM_NAME>
		<WWISE_EVENT_1>navcom_push_button_on</WWISE_EVENT_1> 
		<WWISE_EVENT_2>navcom_push_button_off</WWISE_EVENT_2>
		<PART_ID>NavCom_Push_GPS_Toggle</PART_ID>
	</DefaultTemplateParameters>
	
	<Component ID="#NODE_ID#" Node="#NODE_ID#">
		<UseTemplate Name="GT_Push_Button_Emissive">
			<LEFT_SINGLE_CODE>(&gt;K:TOGGLE_GPS_DRIVES_NAV1)</LEFT_SINGLE_CODE>
			<HelpID>HELPID_GAUGE_NAV_GPS_SWITCH</HelpID>
			<TOOLTIPID>%((A:GPS DRIVES NAV1, bool))%{if}TT:COCKPIT.TOOLTIPS.NAVCOM_PUSH_GPS_TOGGLE_GPS%{else}TT:COCKPIT.TOOLTIPS.NAVCOM_PUSH_GPS_TOGGLE_NAV%{end}</TOOLTIPID>
			<EMISSIVE_CODE>(A:LIGHT POTENTIOMETER:4, percent over 100) 0.95 * 0.05 +</EMISSIVE_CODE>
		</UseTemplate>
	</Component>
</Template>

<!-- Easier to integrate vesion -->
<!-- COMMON NAVCOM -->
<Template Name="NAVCOM_Knob_COM_Frequency_Template">
	<DefaultTemplateParameters>
		<ID>1</ID>
	</DefaultTemplateParameters>
	
	<UseTemplate Name="GT_Helper_Suffix_ID_Appender">
		<TEMPLATE_TO_CALL>GT_NAVCOM_Knob_Frequency_Template</TEMPLATE_TO_CALL>
		<RADIO_TYPE>COM</RADIO_TYPE>
	</UseTemplate>
</Template>
<Template Name="NAVCOM_Knob_NAV_Frequency_Template">
	<DefaultTemplateParameters>
		<ID>1</ID>
	</DefaultTemplateParameters>
	
	<UseTemplate Name="GT_Helper_Suffix_ID_Appender">
		<TEMPLATE_TO_CALL>GT_NAVCOM_Knob_Frequency_Template</TEMPLATE_TO_CALL>
		<RADIO_TYPE>NAV</RADIO_TYPE>
	</UseTemplate>
</Template>
<Template Name="NAVCOM_Knob_COM_Volume_Template">
	<DefaultTemplateParameters>
		<ID>1</ID>
	</DefaultTemplateParameters>
	
	<UseTemplate Name="GT_Helper_Suffix_ID_Appender">
		<TEMPLATE_TO_CALL>GT_NAVCOM_Knob_Volume_Template</TEMPLATE_TO_CALL>
		<RADIO_TYPE>COM</RADIO_TYPE>
	</UseTemplate>
</Template>
<Template Name="NAVCOM_Knob_NAV_Volume_Template">
	<DefaultTemplateParameters>
		<ID>1</ID>
	</DefaultTemplateParameters>
	
	<UseTemplate Name="GT_Helper_Suffix_ID_Appender">
		<TEMPLATE_TO_CALL>GT_NAVCOM_Knob_Volume_Template</TEMPLATE_TO_CALL>
		<RADIO_TYPE>NAV</RADIO_TYPE>
	</UseTemplate>
</Template>
<Template Name="NAVCOM_Knob_DME_Volume_Template">
	<DefaultTemplateParameters>
		<ID>1</ID>
	</DefaultTemplateParameters>
	
	<UseTemplate Name="GT_Helper_Suffix_ID_Appender">
		<TEMPLATE_TO_CALL>GT_NAVCOM_Knob_Volume_Template</TEMPLATE_TO_CALL>
		<RADIO_TYPE>DME</RADIO_TYPE>
	</UseTemplate>
</Template>
<Template Name="NAVCOM_Switch_ADF_Sound_Template">
	<DefaultTemplateParameters>
		<ID>1</ID>
		<SWITCH_TYPE>Switch</SWITCH_TYPE>
	</DefaultTemplateParameters>
	
	<UseTemplate Name="GT_Helper_Suffix_ID_Appender">
		<TEMPLATE_TO_CALL>GT_NAVCOM_Switch_Sound_Template</TEMPLATE_TO_CALL>
		<RADIO_TYPE>ADF</RADIO_TYPE>
	</UseTemplate>
</Template>
<Template Name="NAVCOM_Switch_DME_Sound_Template">
	<DefaultTemplateParameters>
		<ID>1</ID>
		<SWITCH_TYPE>Switch</SWITCH_TYPE>
	</DefaultTemplateParameters>
	
	<UseTemplate Name="GT_Helper_Suffix_ID_Appender">
		<TEMPLATE_TO_CALL>GT_NAVCOM_Switch_Sound_Template</TEMPLATE_TO_CALL>
		<RADIO_TYPE>DME</RADIO_TYPE>
	</UseTemplate>
</Template>
<Template Name="NAVCOM_Switch_MARKER_Sound_Template">
	<DefaultTemplateParameters>
		<ID>1</ID>
		<SWITCH_TYPE>Switch</SWITCH_TYPE>
	</DefaultTemplateParameters>
	
	<UseTemplate Name="GT_Helper_Suffix_ID_Appender">
		<TEMPLATE_TO_CALL>GT_NAVCOM_Switch_Sound_Template</TEMPLATE_TO_CALL>
		<RADIO_TYPE>MARKER</RADIO_TYPE>
	</UseTemplate>
</Template>
<Template Name="NAVCOM_Switch_NAV_Sound_Template">
	<DefaultTemplateParameters>
		<ID>1</ID>
		<SWITCH_TYPE>Switch</SWITCH_TYPE>
	</DefaultTemplateParameters>
	
	<UseTemplate Name="GT_Helper_Suffix_ID_Appender">
		<TEMPLATE_TO_CALL>GT_NAVCOM_Switch_Sound_Template</TEMPLATE_TO_CALL>
		<RADIO_TYPE>NAV</RADIO_TYPE>
	</UseTemplate>
</Template>
<Template Name="NAVCOM_Push_COM_Swap_Template">
	<DefaultTemplateParameters>
		<ID>1</ID>
	</DefaultTemplateParameters>
	
	<UseTemplate Name="GT_Helper_Suffix_ID_Appender">
		<TEMPLATE_TO_CALL>GT_NAVCOM_Push_Swap_Template</TEMPLATE_TO_CALL>
		<RADIO_TYPE>COM</RADIO_TYPE>
	</UseTemplate>
</Template>
<Template Name="NAVCOM_Push_NAV_Swap_Template">
	<DefaultTemplateParameters>
		<ID>1</ID>
	</DefaultTemplateParameters>
	
	<UseTemplate Name="GT_Helper_Suffix_ID_Appender">
		<TEMPLATE_TO_CALL>GT_NAVCOM_Push_Swap_Template</TEMPLATE_TO_CALL>
		<RADIO_TYPE>NAV</RADIO_TYPE>
	</UseTemplate>
</Template>
<Template Name="NAVCOM_Knob_Mode_Template">
	<DefaultTemplateParameters>
		<KNOB_COUNT>4</KNOB_COUNT>
		<DEFAULT_KNOB_INDEX>2</DEFAULT_KNOB_INDEX><!-- 0 to KNOB_COUNT-1 -->
		<KNOB_NAME>NAVCOM_Knob_Mode</KNOB_NAME>	
		<ANIMREF_ID>0</ANIMREF_ID>
		<ANIMTIP_0_ON_PERCENT>0</ANIMTIP_0_ON_PERCENT>
		<ANIMTIP_1_ON_PERCENT>.33</ANIMTIP_1_ON_PERCENT>
		<ANIMTIP_2_ON_PERCENT>.67</ANIMTIP_2_ON_PERCENT>
		<ANIMTIP_3_ON_PERCENT>1</ANIMTIP_3_ON_PERCENT>
		<ANIMTIP_0>TT:COCKPIT.TOOLTIPS.XMIT_SELECT_1</ANIMTIP_0>
		<ANIMTIP_1>TT:COCKPIT.TOOLTIPS.XMIT_SELECT_2</ANIMTIP_1>
		<ANIMTIP_2>TT:COCKPIT.TOOLTIPS.XMIT_SELECT_PA</ANIMTIP_2>
		<ANIMTIP_3>TT:COCKPIT.TOOLTIPS.XMIT_SELECT_HF</ANIMTIP_3>
		<WWISE_EVENT>navcom_mode_knob</WWISE_EVENT>
		<COUNT>4</COUNT>	
		<ID>1</ID>
	</DefaultTemplateParameters>
	
	<UseTemplate Name="GT_Helper_Suffix_ID_Appender">
		<TEMPLATE_TO_CALL>NAVCOM_Knob_Mode_SubTemplate</TEMPLATE_TO_CALL>
		<KNOB_SPEED Process="Float">100 #KNOB_COUNT# 1 - /</KNOB_SPEED>
	</UseTemplate>
</Template>
<Template Name="NAVCOM_Knob_Mode_SubTemplate">
	<!-- DUMMY, doesn't do anything on sim state -->
	<UseTemplate Name="GT_Knob_Finite_Dummy">
		<INIT_VALUE Process="Float">#DEFAULT_KNOB_INDEX# #KNOB_SPEED# *</INIT_VALUE>
	</UseTemplate>
</Template>
<!-- REQ: ID -->
<Template Name="NAVCOM_Screens_Template">
	<DefaultTemplateParameters>
		<ID>1</ID>
	</DefaultTemplateParameters>
	
	<UseTemplate Name="GT_Helper_Suffix_ID_Appender">
		<TEMPLATE_TO_CALL>NAVCOM_Screens_SubTemplate</TEMPLATE_TO_CALL>
	</UseTemplate>
</Template>

<Template Name="NAVCOM_Screens_SubTemplate">
	<DefaultTemplateParameters>
		<NODE_ID>NAVCOM_Screens_#ID##SUFFIX_ID#</NODE_ID>
		<Condition Check="USE_DIMMING_POTENTIOMETER">
			<POTENTIOMETER>4</POTENTIOMETER>
			<DIMMING_FACTOR>1</DIMMING_FACTOR>
		</Condition>
	</DefaultTemplateParameters>
	<Component ID="#NODE_ID#" Node="#NODE_ID#">
		<UseTemplate Name="GT_Emissive_Gauge">
			<FAILURE>(A:CIRCUIT NAVCOM#ID# ON, Bool)</FAILURE>
			<Condition Check="USE_DIMMING_POTENTIOMETER">
				<True>
					<EMISSIVE_CODE>(A:COM VOLUME:#ID#, Percent) 0 &gt; (A:LIGHT POTENTIOMETER:#POTENTIOMETER#, percent over 100) * #DIMMING_FACTOR# *</EMISSIVE_CODE>
				</True>
				<False>
					<EMISSIVE_CODE>(A:COM VOLUME:#ID#, Percent) 0 &gt;</EMISSIVE_CODE>
				</False>
			</Condition>
		</UseTemplate>
	</Component>
	<Condition Check="NAVCOM_CONTROLS_PANEL_LIGHT_STATE">
		<Update Frequency="5">
			(A:CIRCUIT NAVCOM#ID# ON, Bool) (A:LIGHT PANEL, Bool) != if{
				(A:CIRCUIT NAVCOM#ID# ON, Bool) (&gt;K:PANEL_LIGHTS_SET)
			}
		</Update>
	</Condition>
</Template>
<!-- RADIO templates -->
<!-- SWAP FREQ VOL radio -->
<Template Name="NAVCOM_Simple_Radio_Template">
	<Component ID="NAVCOM_Radio_#ID#">
		<Condition CHeck="NO_FREQ_KNOB">
			<False>
				<UseTemplate Name="NAVCOM_Knob_COM_Frequency_Template"></UseTemplate>
				<UseTemplate Name="NAVCOM_Knob_NAV_Frequency_Template"></UseTemplate>
			</False>
		</Condition>
		<Condition CHeck="NO_VOL_KNOB">
			<False>
				<UseTemplate Name="NAVCOM_Knob_COM_Volume_Template"></UseTemplate>
				<UseTemplate Name="NAVCOM_Knob_NAV_Volume_Template"></UseTemplate>
			</False>
		</Condition>
		<Condition CHeck="NO_SWAP_BUTTON">
			<False>
				<UseTemplate Name="NAVCOM_Push_COM_Swap_Template"></UseTemplate>
				<UseTemplate Name="NAVCOM_Push_NAV_Swap_Template"></UseTemplate>
			</False>
		</Condition>
	</Component>
</Template>
<!-- GT NAVCOM -->
<!-- REQ: RADIO_TYPE (NAV/COM) & ID -->
<Template Name="GT_NAVCOM_Knob_Frequency_Template">
	<DefaultTemplateParameters>
		<NODE_ID_LARGE_KNOB>#RADIO_TYPE#_Knob_MHz_#ID##SUFFIX_ID#</NODE_ID_LARGE_KNOB>
		<NODE_ID_SMALL_KNOB>#RADIO_TYPE#_Knob_KHz_#ID##SUFFIX_ID#</NODE_ID_SMALL_KNOB>
		<ANIM_NAME_LARGE_KNOB>#RADIO_TYPE#_Knob_MHz_#ID##SUFFIX_ID#</ANIM_NAME_LARGE_KNOB>
		<ANIM_NAME_SMALL_KNOB>#RADIO_TYPE#_Knob_KHz_#ID##SUFFIX_ID#</ANIM_NAME_SMALL_KNOB>
		<ANIM_NAME_SMALL_KNOB_PUSH>#RADIO_TYPE#_Knob_KHz_#ID#_Push#SUFFIX_ID#</ANIM_NAME_SMALL_KNOB_PUSH>
		<PART_ID>KNOB_#RADIO_TYPE#_Khz</PART_ID>
		<ANIMTIP_0>TT:COCKPIT.TOOLTIPS.AS1000_KNOB_#RADIO_TYPE#_DECREASE</ANIMTIP_0>
		<ANIMTIP_0_ON_CURSOR>TurnLeft</ANIMTIP_0_ON_CURSOR>
		<ANIMTIP_1>TT:COCKPIT.TOOLTIPS.AS1000_KNOB_#RADIO_TYPE#_INCREASE</ANIMTIP_1>
		<ANIMTIP_1_ON_CURSOR>TurnRight</ANIMTIP_1_ON_CURSOR>
		<!-- key for com 1 doesn't have 1 in it -->
		<Switch Param="RADIO_TYPE">
			<Case Value="NAV">
				<IDSIMVAR>#ID#</IDSIMVAR>
			</Case>
			<Case Value="COM">
				<Condition Check="ID" Match="1">
					<True>
						<IDSIMVAR></IDSIMVAR>
					</True>
					<False>
						<IDSIMVAR>#ID#</IDSIMVAR>
					</False>
				</Condition>
			</Case>
		</Switch>
	</DefaultTemplateParameters>
	<Component ID="#NODE_ID_SMALL_KNOB#" Node="#NODE_ID_SMALL_KNOB#">
		<UseTemplate Name="GT_Knob_Infinite_Push">
			<ANIM_NAME_PUSH>#ANIM_NAME_SMALL_KNOB_PUSH#</ANIM_NAME_PUSH>
			<ANIM_NAME_KNOB>#ANIM_NAME_SMALL_KNOB#</ANIM_NAME_KNOB>
			<CLOCKWISE_CODE>(&gt;K:#RADIO_TYPE##IDSIMVAR#_RADIO_FRACT_INC)</CLOCKWISE_CODE>
			<ANTICLOCKWISE_CODE>(&gt;K:#RADIO_TYPE##IDSIMVAR#_RADIO_FRACT_DEC)</ANTICLOCKWISE_CODE>
			<LEFT_SINGLE_CODE>(&gt;H:RADIO#ID#_#RADIO_TYPE#_Knob_Small_PUSH)</LEFT_SINGLE_CODE>
			<WWISE_EVENT_1>navcom_knob_push_button_on</WWISE_EVENT_1> 
			<NORMALIZED_TIME_1>0.1</NORMALIZED_TIME_1>			
			<WWISE_EVENT_2>navcom_knob_push_button_off</WWISE_EVENT_2>    
			<NORMALIZED_TIME_2>0.3</NORMALIZED_TIME_2>	
			<WWISE_EVENT>navcom_frequency_inner_knob</WWISE_EVENT>	
			<COUNT>36</COUNT>			
		</UseTemplate>
	</Component>
	<Component ID="#NODE_ID_LARGE_KNOB#" Node="#NODE_ID_LARGE_KNOB#">
		<UseTemplate Name="GT_Knob_Infinite">
			<ANIM_NAME>#ANIM_NAME_LARGE_KNOB#</ANIM_NAME>
			<CLOCKWISE_CODE>(&gt;K:#RADIO_TYPE##IDSIMVAR#_RADIO_WHOLE_INC)</CLOCKWISE_CODE>
			<ANTICLOCKWISE_CODE>(&gt;K:#RADIO_TYPE##IDSIMVAR#_RADIO_WHOLE_DEC)</ANTICLOCKWISE_CODE>
			<WWISE_EVENT>navcom_frequency_outer_knob</WWISE_EVENT>	
			<COUNT>36</COUNT>
		</UseTemplate>
	</Component>
</Template>
<!-- REQ: RADIO_TYPE (NAV/COM) & ID -->
<Template Name="GT_NAVCOM_Knob_Volume_Template">
	<DefaultTemplateParameters>
		<ID>1</ID>
	</DefaultTemplateParameters>

	<UseTemplate Name="GT_Helper_Suffix_ID_Appender">
		<TEMPLATE_TO_CALL>GT_NAVCOM_Knob_Volume_SubTemplate</TEMPLATE_TO_CALL>
	</UseTemplate>
</Template>

<Template Name="GT_NAVCOM_Knob_Volume_SubTemplate">
	<DefaultTemplateParameters>
		<CENTER_RADIUS>0.002</CENTER_RADIUS>
		<ANIM_LAG>100</ANIM_LAG>
		<Condition Valid="CIRCUIT_ID">
			<True>
				<CIRCUIT_CODE_ON>
					(A:#RADIO_TYPE# VOLUME:#ID#, Percent) 0 &gt;
					(A:CIRCUIT SWITCH ON:#CIRCUIT_ID#, Boolean) ! and if{
						#CIRCUIT_ID# (&gt;K:ELECTRICAL_CIRCUIT_TOGGLE)
					}
				</CIRCUIT_CODE_ON>
				<CIRCUIT_CODE_OFF>
					(A:#RADIO_TYPE# VOLUME:#ID#, Percent) 0 ==
					(A:CIRCUIT SWITCH ON:#CIRCUIT_ID#, Boolean) and if{
						#CIRCUIT_ID# (&gt;K:ELECTRICAL_CIRCUIT_TOGGLE)
					}
				</CIRCUIT_CODE_OFF>
			</True>
			<False>
				<CIRCUIT_CODE_ON/>
				<CIRCUIT_CODE_OFF/>
			</False>
		</Condition>
		<NODE_ID>#RADIO_TYPE#_Knob_OnOff_#ID##SUFFIX_ID#</NODE_ID>
		<ANIM_SIMVAR_UNITS_SWITCH>Bool</ANIM_SIMVAR_UNITS_SWITCH>
		<ANIM_SIMVAR_SCALE_SWITCH>100</ANIM_SIMVAR_SCALE_SWITCH>
		<Condition Check="USE_SEPARATE_ON_OFF_ANIM">
			<ANIM_NAME_ON_OFF>#RADIO_TYPE#_Knob_OnOff_#ID#_Push</ANIM_NAME_ON_OFF>
		</Condition>
		<WWISE_EVENT_1>navcom_volume_knob_push_button_on</WWISE_EVENT_1>
		<NORMALIZED_TIME_1>0.1</NORMALIZED_TIME_1>		
		<WWISE_EVENT_2>navcom_volume_knob_push_button_off</WWISE_EVENT_2>	
		<NORMALIZED_TIME_2>0.5</NORMALIZED_TIME_2>	
		<WWISE_EVENT>navcom_volume_knob</WWISE_EVENT>
		<Condition Check="NO_IDENT">
			<True>
				<TEMPLATE_NAME>GT_Knob_Finite_Simvar</TEMPLATE_NAME>
				<ANIM_SIMVAR>#RADIO_TYPE# VOLUME:#ID#</ANIM_SIMVAR>
				<ANIM_SIMVAR_UNITS>Percent</ANIM_SIMVAR_UNITS>
				<ANIM_NAME>#RADIO_TYPE#_Knob_#ID##SUFFIX_ID#</ANIM_NAME>
			</True>
			<False>
				<TEMPLATE_NAME>GT_Knob_Finite_Switch</TEMPLATE_NAME>
				<USE_SIMVAR_FOR_KNOB_ANIM>True</USE_SIMVAR_FOR_KNOB_ANIM>
				<ANIM_NAME_KNOB>#RADIO_TYPE#_Knob_OnOff_#ID##SUFFIX_ID#</ANIM_NAME_KNOB>
				<ANIM_SIMVAR_KNOB>#RADIO_TYPE# VOLUME:#ID#</ANIM_SIMVAR_KNOB>
				<ANIM_SIMVAR_UNITS_KNOB>Percent</ANIM_SIMVAR_UNITS_KNOB>
				<USE_SIMVAR_FOR_BUTTON_ANIM>False</USE_SIMVAR_FOR_BUTTON_ANIM>
				<ANIM_CODE_SWITCH>(O:_ButtonPressed) 100 *</ANIM_CODE_SWITCH>
				<COUNT>16</COUNT>
				<Switch Param="RADIO_TYPE">
					<Case Value="NAV">
						<LEFT_SINGLE_CODE>(&gt;K:RADIO_VOR#ID#_IDENT_TOGGLE)</LEFT_SINGLE_CODE>
						<LEFT_LEAVE_CODE>(&gt;K:RADIO_VOR#ID#_IDENT_TOGGLE)</LEFT_LEAVE_CODE>
						<ANIM_NAME_SWITCH>#RADIO_TYPE#_Push_Ident_#ID##SUFFIX_ID#</ANIM_NAME_SWITCH>
						<ANIMTIP_2>TT:COCKPIT.TOOLTIPS.YOKE_BUTTON_IDENT</ANIMTIP_2>
						<ANIMTIP_2_ON_CURSOR>Hand</ANIMTIP_2_ON_CURSOR>
					</Case>
					<Case Value="COM">
						<LEFT_SINGLE_CODE>(&gt;K:RADIO_COMMNAV#ID#_TEST_TOGGLE)</LEFT_SINGLE_CODE>
						<LEFT_LEAVE_CODE>(&gt;K:RADIO_COMMNAV#ID#_TEST_TOGGLE)</LEFT_LEAVE_CODE>
						<ANIM_NAME_SWITCH>#RADIO_TYPE#_Push_Test_#ID##SUFFIX_ID#</ANIM_NAME_SWITCH>
						<ANIMTIP_2>TT:COCKPIT.TOOLTIPS.NAVCOM_COM_VOLUME_TEST</ANIMTIP_2>
						<ANIMTIP_2_ON_CURSOR>Hand</ANIMTIP_2_ON_CURSOR>
					</Case>
				</Switch>
			</False>
		</Condition>
		<INTERACTION_TYPE>KNOB</INTERACTION_TYPE>
	</DefaultTemplateParameters>
	<Component ID="#NODE_ID#" Node="#NODE_ID#">
		<DefaultTemplateParameters>
			<Switch Param="INTERACTION_TYPE">
				<Case Value="SWITCH">
					<!-- For some reason NAV and COM don't set the volume on the same scale in FSX so we have to adapt it here -->
					<Switch Param="RADIO_TYPE">
						<Case Value="NAV">
							<VOLUME_ON>1</VOLUME_ON>
							<VOLUME_OFF>0</VOLUME_OFF>
						</Case>
						<Case Value="COM">
							<VOLUME_ON>100</VOLUME_ON>
							<VOLUME_OFF>0</VOLUME_OFF>
						</Case>
					</Switch>
					<ANIMREF_ID>0</ANIMREF_ID>
				</Case>
				<Case Value="KNOB">
					<ANIMTIP_0>TT:COCKPIT.TOOLTIPS.NAVCOM_#RADIO_TYPE#_VOLUME_DECREASE</ANIMTIP_0>
					<ANIMTIP_0_ON_CURSOR>TurnLeft</ANIMTIP_0_ON_CURSOR>
					<ANIMTIP_1>TT:COCKPIT.TOOLTIPS.NAVCOM_#RADIO_TYPE#_VOLUME_INCREASE</ANIMTIP_1>
					<ANIMTIP_1_ON_CURSOR>TurnRight</ANIMTIP_1_ON_CURSOR>
					<ANIMREF_ID>1</ANIMREF_ID>
				</Case>	
			</Switch>
		</DefaultTemplateParameters>
		<!-- Ensure COM TEST is not at a random state -->
		<Switch Param="RADIO_TYPE">
			<Case Value="COM">
				<Condition Check="NO_IDENT">
					<False>
						<UseTemplate Name="GT_Update">
							<FREQUENCY>5</FREQUENCY>
							<UPDATE_CODE>(A:COM TEST:#ID#, Bool) (O:_ButtonPressed) ! if{ (&gt;K:RADIO_COMMNAV#ID#_TEST_TOGGLE) }</UPDATE_CODE>
						</UseTemplate>
					</False>
				</Condition>
			</Case>
		</Switch>
		<Switch Param="INTERACTION_TYPE">
			<Case Value="KNOB">
				<Update Once="True">
					#CIRCUIT_CODE_ON#
					#CIRCUIT_CODE_OFF#
				</Update>
				<UseTemplate Name="#TEMPLATE_NAME#">
					<CLOCKWISE_CODE>
						(&gt;K:#RADIO_TYPE##ID#_VOLUME_INC)
						#CIRCUIT_CODE_ON#
					</CLOCKWISE_CODE>
					<ANTICLOCKWISE_CODE>
						(&gt;K:#RADIO_TYPE##ID#_VOLUME_DEC)
						#CIRCUIT_CODE_OFF#
					</ANTICLOCKWISE_CODE>
					<ANIM_WRAP>False</ANIM_WRAP>
				</UseTemplate>
			</Case>
			<Case Value="SWITCH">
				<UseTemplate Name="GT_Switch_Code">
					<LEFT_SINGLE_CODE>
						#VOLUME_OFF# #VOLUME_ON# (A:#RADIO_TYPE# VOLUME:#ID#, Percent) 0 &gt; ? (&gt;K:#RADIO_TYPE##ID#_VOLUME_SET)
						#CIRCUIT_CODE_ON#
						#CIRCUIT_CODE_OFF#
					</LEFT_SINGLE_CODE>
				</UseTemplate>
				<Condition Check="USE_SEPARATE_ON_OFF_ANIM">
					<UseTemplate Name="GT_Anim_Code">
						<ANIM_CODE>
							(A:#RADIO_TYPE# VOLUME:#ID#, Percent) 0 &gt; 100 *
						</ANIM_CODE>
						<ANIM_NAME>#ANIM_NAME_ON_OFF#</ANIM_NAME>
					</UseTemplate>
				</Condition>
			</Case>
		</Switch>
	</Component>
</Template>
<!-- REQ: RADIO_TYPE (DME/ADF/MARKER/NAV) & ID & SWITCH_TYPE-->
<Template Name="GT_NAVCOM_Switch_Sound_Template">
	<DefaultTemplateParameters>
		<ID>1</ID>
	</DefaultTemplateParameters>

	<UseTemplate Name="GT_Helper_Suffix_ID_Appender">
		<TEMPLATE_TO_CALL>GT_NAVCOM_Switch_Sound_SubTemplate</TEMPLATE_TO_CALL>
	</UseTemplate>
</Template>
<Template Name="GT_NAVCOM_Switch_Sound_SubTemplate">
	<DefaultTemplateParameters>
		<NODE_ID>#RADIO_TYPE#_#SWITCH_TYPE#_#ID##SUFFIX_ID#</NODE_ID>
		<ANIM_NAME>#RADIO_TYPE#_#SWITCH_TYPE#_#ID##SUFFIX_ID#</ANIM_NAME>
		<Condition Check="USE_SEPARATE_ON_OFF_ANIM">
			<ANIM_NAME_ON_OFF>#RADIO_TYPE#_#SWITCH_TYPE#_Push_#ID##SUFFIX_ID#</ANIM_NAME_ON_OFF>
		</Condition>
		<Switch Param="RADIO_TYPE">
			<Case Value="DME">
				<LEFT_SINGLE_CODE>(&gt;K:RADIO_DME#ID#_IDENT_TOGGLE)</LEFT_SINGLE_CODE>
				<ANIM_CODE>(A:DME SOUND:#ID#, Percent)</ANIM_CODE>
				<WWISE_EVENT_1>navcom_audio_push_on</WWISE_EVENT_1>
				<NORMALIZED_TIME_1>0.1</NORMALIZED_TIME_1>					
				<WWISE_EVENT_2>navcom_audio_push_off</WWISE_EVENT_2>
				<NORMALIZED_TIME_2>0.5</NORMALIZED_TIME_2>		
			</Case>
			<Case Value="ADF">
				<ANIM_CODE>(A:ADF SOUND:#ID#, Percent)</ANIM_CODE>
				<Condition Check="ID" Match="1">
					<True>
						<LEFT_SINGLE_CODE>(&gt;K:RADIO_ADF_IDENT_TOGGLE)</LEFT_SINGLE_CODE>
					</True>
					<False>
						<LEFT_SINGLE_CODE>(&gt;K:RADIO_ADF#ID#_IDENT_TOGGLE)</LEFT_SINGLE_CODE>
					</False>
				</Condition>
				<WWISE_EVENT_1>navcom_audio_push_on</WWISE_EVENT_1>
				<NORMALIZED_TIME_1>0.1</NORMALIZED_TIME_1>					
				<WWISE_EVENT_2>navcom_audio_push_off</WWISE_EVENT_2>
				<NORMALIZED_TIME_2>0.5</NORMALIZED_TIME_2>	
			</Case>
			<Case Value="MARKER">
				<ANIM_CODE>(A:MARKER SOUND:#ID#, Percent)</ANIM_CODE>
				<LEFT_SINGLE_CODE>(&gt;K:MARKER_SOUND_TOGGLE)</LEFT_SINGLE_CODE>
				<WWISE_EVENT_1>navcom_audio_push_on</WWISE_EVENT_1>
				<NORMALIZED_TIME_1>0.1</NORMALIZED_TIME_1>					
				<WWISE_EVENT_2>navcom_audio_push_off</WWISE_EVENT_2>
				<NORMALIZED_TIME_2>0.5</NORMALIZED_TIME_2>	
			</Case>
			<Case Value="NAV">
				<Condition check="USE_EXCLUSIVE_ID">
					<True>
						<LEFT_SINGLE_CODE>
							(A:NAV SOUND:#ID#, Bool) sp0
							(A:NAV SOUND:#OTHER_ID#, Bool) sp1
							l0 l1 and if{
								(&gt;K:RADIO_VOR#OTHER_ID#_IDENT_TOGGLE)
							} els{
								l0 ! if{ (&gt;K:RADIO_VOR#ID#_IDENT_TOGGLE) }
								l1 if{ (&gt;K:RADIO_VOR#OTHER_ID#_IDENT_TOGGLE) }						
							}
						</LEFT_SINGLE_CODE>
						<ANIM_CODE>(A:NAV SOUND:#ID#, Percent) (A:NAV SOUND:#OTHER_ID#, Bool) ! *</ANIM_CODE>
					</True>
					<False>
						<LEFT_SINGLE_CODE>(&gt;K:RADIO_VOR#ID#_IDENT_TOGGLE)</LEFT_SINGLE_CODE>
						<ANIM_CODE>(A:NAV SOUND:#ID#, Percent)</ANIM_CODE>
					</False>
				</Condition>
				<WWISE_EVENT_1>navcom_audio_push_on</WWISE_EVENT_1>
				<NORMALIZED_TIME_1>0.1</NORMALIZED_TIME_1>					
				<WWISE_EVENT_2>navcom_audio_push_off</WWISE_EVENT_2>
				<NORMALIZED_TIME_2>0.5</NORMALIZED_TIME_2>	
			</Case>
		</Switch>
	</DefaultTemplateParameters>
	<Component ID="#NODE_ID#" Node="#NODE_ID#">
		<Switch Param="SWITCH_TYPE">
			<Case Value="Push">
				<UseTemplate Name="GT_Push_Button">
				</UseTemplate>
			</Case>
			<Default>
				<UseTemplate Name="GT_Switch_Code">
				</UseTemplate>
				<Condition Check="USE_SEPARATE_ON_OFF_ANIM">
					<UseTemplate Name="GT_Anim_Code">
						<ANIM_CODE>
							#ANIM_CODE# 0 &gt; 100 *
						</ANIM_CODE>
						<ANIM_NAME>#ANIM_NAME_ON_OFF#</ANIM_NAME>
					</UseTemplate>
				</Condition>
			</Default>
		</Switch>
	</Component>
</Template>
<!-- REQ: RADIO_TYPE (NAV/COM) & ID -->
<Template Name="GT_NAVCOM_Push_Swap_Template">
	<DefaultTemplateParameters>
		<ID>1</ID>
	</DefaultTemplateParameters>

	<UseTemplate Name="GT_Helper_Suffix_ID_Appender">
		<TEMPLATE_TO_CALL>GT_NAVCOM_Push_Swap_SubTemplate</TEMPLATE_TO_CALL>
	</UseTemplate>
</Template>
<Template Name="GT_NAVCOM_Push_Swap_SubTemplate">
	<DefaultTemplateParameters>
		<NODE_ID>#RADIO_TYPE#_Push_Swap_#ID##SUFFIX_ID#</NODE_ID>
		<ANIM_NAME>#RADIO_TYPE#_Push_Swap_#ID##SUFFIX_ID#</ANIM_NAME>
		<WWISE_EVENT_1>swap_push_button_on</WWISE_EVENT_1>
		<NORMALIZED_TIME_1>0.1</NORMALIZED_TIME_1>		
		<WWISE_EVENT_2>swap_push_button_off</WWISE_EVENT_2>  
		<NORMALIZED_TIME_2>0.3</NORMALIZED_TIME_2>	
		<KEY_ID>#RADIO_TYPE##ID#</KEY_ID>
		<TOOLTIPID>TT:COCKPIT.TOOLTIPS.#RADIO_TYPE#_FREQUENCY_TRANSFER_KEY</TOOLTIPID>
	</DefaultTemplateParameters>
	<Component ID="#NODE_ID#" Node="#NODE_ID#">
		<UseTemplate Name="GT_Push_Button_Timed">
			<SHORT_CLICK_CODE>(&gt;K:#KEY_ID#_RADIO_SWAP)</SHORT_CLICK_CODE>
			<LONG_CLICK_CODE></LONG_CLICK_CODE>
		</UseTemplate>
		<UseTemplate Name="NavCom_EmissiveMaterialTemplate">
			<Condition Check="BUTTON_POTENTIOMETER">
				<False>
					<NO_POTENTIOMETER/>
				</False>
			</Condition>
		</UseTemplate>
	</Component>
</Template>
<!-- REQ: ID(COM) -->
<Template Name="GT_COM_Push_Transmit_Template">
	<DefaultTemplateParameters>
		<ID>1</ID>
	</DefaultTemplateParameters>

	<UseTemplate Name="GT_Helper_Suffix_ID_Appender">
		<TEMPLATE_TO_CALL>GT_COM_Push_Transmit_SubTemplate</TEMPLATE_TO_CALL>
	</UseTemplate>
</Template>
<Template Name="GT_COM_Push_Transmit_SubTemplate">
	<DefaultTemplateParameters>
		<NODE_ID>COM_Push_Transmit_#ID##SUFFIX_ID#</NODE_ID>
		<ANIM_NAME>COM_Push_Transmit_#ID##SUFFIX_ID#</ANIM_NAME>
		<COM_ID Process="Int">#ID# 1 -</COM_ID>
		<Condition Check="COPILOT">
			<True>
				<KEY_ID>COPILOT</KEY_ID>
			</True>
			<False>
				<KEY_ID>PILOT</KEY_ID>
			</False>
		</Condition>
		<TRANSMITTER_NONE>4</TRANSMITTER_NONE>
		<WWISE_EVENT_1>navcom_audio_push_on</WWISE_EVENT_1>
		<NORMALIZED_TIME_1>0.1</NORMALIZED_TIME_1>					
		<WWISE_EVENT_2>navcom_audio_push_off</WWISE_EVENT_2>
		<NORMALIZED_TIME_2>0.5</NORMALIZED_TIME_2>	
	</DefaultTemplateParameters>
	<Component ID="#NODE_ID#" Node="#NODE_ID#">
		<UseTemplate Name="GT_Push_Button">
			<LEFT_SINGLE_CODE>
				(A:#KEY_ID# TRANSMITTER TYPE, Enum) #COM_ID# != if{
					#COM_ID# (&gt;K:#KEY_ID#_TRANSMITTER_SET)
				} els{
					#TRANSMITTER_NONE# (&gt;K:#KEY_ID#_TRANSMITTER_SET)
				}
			</LEFT_SINGLE_CODE>
			<!-- <ANIM_CODE>(A:#KEY_ID# TRANSMITTER TYPE, Enum) #COM_ID# == 100 *</ANIM_CODE> -->
		</UseTemplate>
	</Component>
</Template>

<!-- COMMON Audio Panel -->
<Template Name="AudioPanel_Minimal_Template">
	<DefaultTemplateParameters>
		<ID>1</ID>
	</DefaultTemplateParameters>

	<UseTemplate Name="GT_Helper_Suffix_ID_Appender">
		<TEMPLATE_TO_CALL>AudioPanel_Minimal_SubTemplate</TEMPLATE_TO_CALL>
	</UseTemplate>
</Template>

<Template Name="AudioPanel_Minimal_SubTemplate">
	<UseTemplate Name="AudioPanel_Knob_Volume_Template">
		<ID>1</ID>
		<ANIMTIP_0>TT:COCKPIT.TOOLTIPS.AUDIOPANEL_PILOT_VOLUME_DECREASE</ANIMTIP_0>
		<ANIMTIP_1>TT:COCKPIT.TOOLTIPS.AUDIOPANEL_PILOT_VOLUME_INCREASE</ANIMTIP_1>
	</UseTemplate>
	<UseTemplate Name="AudioPanel_Knob_Volume_Template">
		<ID>2</ID>
		<COPILOT/>
		<ANIMTIP_0>TT:COCKPIT.TOOLTIPS.AUDIOPANEL_COPILOT_VOLUME_DECREASE</ANIMTIP_0>
		<ANIMTIP_1>TT:COCKPIT.TOOLTIPS.AUDIOPANEL_COPILOT_VOLUME_INCREASE</ANIMTIP_1>
	</UseTemplate>
	<UseTemplate Name="AudioPanel_Knob_Squelch_Template">
		<ID>1</ID>
		<ANIMTIP_0>TT:COCKPIT.TOOLTIPS.AUDIOPANEL_PILOT_SQUELSCH_DECREASE</ANIMTIP_0>
		<ANIMTIP_1>TT:COCKPIT.TOOLTIPS.AUDIOPANEL_PILOT_SQUELSCH_INCREASE</ANIMTIP_1>
	</UseTemplate>
	<UseTemplate Name="AudioPanel_Knob_Squelch_Template">
		<ID>2</ID>
		<ANIMTIP_0>TT:COCKPIT.TOOLTIPS.AUDIOPANEL_COPILOT_SQUELSCH_DECREASE</ANIMTIP_0>
		<ANIMTIP_1>TT:COCKPIT.TOOLTIPS.AUDIOPANEL_COPILOT_SQUELSCH_INCREASE</ANIMTIP_1>
	</UseTemplate>
	<UseTemplate Name="AudioPanel_Switch_Intercom_Template">
	</UseTemplate>
	<UseTemplate Name="AudioPanel_Light_Template">
	</UseTemplate>
</Template>

<!-- COMMON Audio Panel Composite feature -->
<Template Name="AudioPanel_Composite_Template">
	<DefaultTemplateParameters>
		<CONTAINER_ID>1</CONTAINER_ID>
	</DefaultTemplateParameters>
	<UseTemplate Name="GT_Helper_Suffix_ID_Appender">
		<TEMPLATE_TO_CALL>AudioPanel_Composite_SubTemplate</TEMPLATE_TO_CALL>
	</UseTemplate>
</Template>

<Template Name="AudioPanel_Composite_SubTemplate">
	<DefaultTemplateParameters>
		<NO_IDENT/>
		<INTERACTION_TYPE>SWITCH</INTERACTION_TYPE>
		<SWITCH_TYPE>Knob</SWITCH_TYPE>
		<ANIM_LAG>300</ANIM_LAG>
		<COM_COUNT>1</COM_COUNT><!-- Max 3 -->
		<TURN_OFF_COM_ON_VOLUME_OFF>False</TURN_OFF_COM_ON_VOLUME_OFF><!-- check param COM#ID#_CIRCUIT_ID -->
		<USE_ON_OFF_PUSH_BUTTON_FOR_COM>False</USE_ON_OFF_PUSH_BUTTON_FOR_COM><!-- check param COM#ID#_CIRCUIT_ID -->
		<NAV_COUNT>1</NAV_COUNT><!-- Max 2 -->
		<TURN_OFF_NAV_ON_VOLUME_OFF>False</TURN_OFF_NAV_ON_VOLUME_OFF><!-- check param NAV#ID#_CIRCUIT_ID -->
		<USE_ON_OFF_PUSH_BUTTON_FOR_NAV>False</USE_ON_OFF_PUSH_BUTTON_FOR_NAV><!-- check param NAV#ID#_CIRCUIT_ID -->
		<DME_COUNT>1</DME_COUNT><!-- Max 2 -->
		<ADF_COUNT>1</ADF_COUNT><!-- Max 2 -->
		<USE_MARKER>True</USE_MARKER>
		<USE_MUTE>True</USE_MUTE>
		<USE_SPEAKER>True</USE_SPEAKER>
		<DEFAULT_ANIMREF_ID>0</DEFAULT_ANIMREF_ID>
	</DefaultTemplateParameters>
	<OverrideTemplateParameters>
		<Switch Param="INTERACTION_TYPE">
			<Case Value="SWITCH">
				<ANIMREF_ID>#DEFAULT_ANIMREF_ID#</ANIMREF_ID>
				<ANIMTIP_0_ON_PERCENT>0</ANIMTIP_0_ON_PERCENT>
				<ANIMTIP_1_ON_PERCENT>1</ANIMTIP_1_ON_PERCENT>
			</Case>
		</Switch>
	</OverrideTemplateParameters>
	<Condition Valid="COM_COUNT">
		<Component ID="_Audiopanel_COM#SUFFIX_ID#">
			<UseTemplate Name="GT_Helper_Recursive_ID">
				<USE_STATE_INDICATOR>True</USE_STATE_INDICATOR>
				<!-- VV Recursive parameters VV -->
				<EXIT_TEMPLATE>NAVCOM_Knob_COM_Volume_Template</EXIT_TEMPLATE>
				<MAX_ID>#COM_COUNT#</MAX_ID>
				<PARAM2>NODE_ID</PARAM2>
				<PARAM2_PREFIX>AudioPanel_Knob_COM_</PARAM2_PREFIX>
				<PARAM2_SUFFIX>#SUFFIX_ID#</PARAM2_SUFFIX>
				<PARAM3>ANIM_NAME</PARAM3>
				<PARAM3_PREFIX>AudioPanel_Knob_COM_</PARAM3_PREFIX>
				<PARAM3_SUFFIX>#SUFFIX_ID#</PARAM3_SUFFIX>
				<!-- Dyn param -->
				<PROCESS_PARAM4>True</PROCESS_PARAM4>
				<PARAM4>ANIMTIP_0</PARAM4>
				<PARAM4_PREFIX>COM</PARAM4_PREFIX>
				<PARAM4_SUFFIX>_ANIMTIP_0</PARAM4_SUFFIX>
				<PROCESS_PARAM5>True</PROCESS_PARAM5>
				<PARAM5>ANIMTIP_1</PARAM5>
				<PARAM5_PREFIX>COM</PARAM5_PREFIX>
				<PARAM5_SUFFIX>_ANIMTIP_1</PARAM5_SUFFIX>
				<Condition Valid="TURN_OFF_COM_ON_VOLUME_OFF">
					<PROCESS_PARAM5>True</PROCESS_PARAM5>
					<PARAM5>CIRCUIT_ID</PARAM5>
					<PARAM5_PREFIX>COM</PARAM5_PREFIX>
					<PARAM5_SUFFIX>_CIRCUIT_ID</PARAM5_SUFFIX>
				</Condition>
			</UseTemplate>
			<Condition Valid="USE_ON_OFF_PUSH_BUTTON_FOR_COM">
				<UseTemplate Name="GT_Helper_Recursive_ID">
					<USE_STATE_INDICATOR>True</USE_STATE_INDICATOR>
					<!-- VV Recursive parameters VV -->
					<EXIT_TEMPLATE>ELECTRICAL_Switch_Circuit_Template</EXIT_TEMPLATE>
					<MAX_ID>#COM_COUNT#</MAX_ID>
					<PARAM2>NODE_ID</PARAM2>
					<PARAM2_PREFIX>AudioPanel_Push_COM_</PARAM2_PREFIX>
					<PARAM2_SUFFIX>#SUFFIX_ID#</PARAM2_SUFFIX>
					<PARAM3>ANIM_NAME</PARAM3>
					<PARAM3_PREFIX>AudioPanel_Push_COM_</PARAM3_PREFIX>
					<PARAM3_SUFFIX>#SUFFIX_ID#</PARAM3_SUFFIX>
					<PARAM4>SEQ1_NODE_ID</PARAM4>
					<PARAM4_PREFIX>AudioPanel_Push_COM_</PARAM4_PREFIX>
					<PARAM4_SUFFIX>_Active#SUFFIX_ID#</PARAM4_SUFFIX>
					<!-- Dyn param -->
					<PROCESS_PARAM5>True</PROCESS_PARAM5>
					<PARAM5>CIRCUIT_ID</PARAM5>
					<PARAM5_PREFIX>COM</PARAM5_PREFIX>
					<PARAM5_SUFFIX>_CIRCUIT_ID</PARAM5_SUFFIX>
					<!-- Dyn param -->
					<PROCESS_PARAM6>True</PROCESS_PARAM6>
					<PARAM6>TOOLTIPID</PARAM6>
					<PARAM6_PREFIX>COM</PARAM6_PREFIX>
					<PARAM6_SUFFIX>_TOOLTIPID</PARAM6_SUFFIX>
				</UseTemplate>
			</Condition>
		</Component>
	</Condition>
	<Condition Valid="NAV_COUNT">
		<Component ID="_Audiopanel_NAV#SUFFIX_ID#">
			<UseTemplate Name="GT_Helper_Recursive_ID">
				<USE_STATE_INDICATOR>True</USE_STATE_INDICATOR>
				<!-- VV Recursive parameters VV -->
				<EXIT_TEMPLATE>NAVCOM_Knob_NAV_Volume_Template</EXIT_TEMPLATE>
				<MAX_ID>#NAV_COUNT#</MAX_ID>
				<PARAM2>NODE_ID</PARAM2>
				<PARAM2_PREFIX>AudioPanel_Knob_NAV_</PARAM2_PREFIX>
				<PARAM2_SUFFIX>#SUFFIX_ID#</PARAM2_SUFFIX>
				<PARAM3>ANIM_NAME</PARAM3>
				<PARAM3_PREFIX>AudioPanel_Knob_NAV_</PARAM3_PREFIX>
				<PARAM3_SUFFIX>#SUFFIX_ID#</PARAM3_SUFFIX>
				<!-- Dyn param -->
				<PROCESS_PARAM4>True</PROCESS_PARAM4>
				<PARAM4>ANIMTIP_0</PARAM4>
				<PARAM4_PREFIX>NAV</PARAM4_PREFIX>
				<PARAM4_SUFFIX>_ANIMTIP_0</PARAM4_SUFFIX>
				<PROCESS_PARAM5>True</PROCESS_PARAM5>
				<PARAM5>ANIMTIP_1</PARAM5>
				<PARAM5_PREFIX>NAV</PARAM5_PREFIX>
				<PARAM5_SUFFIX>_ANIMTIP_1</PARAM5_SUFFIX>
				<Condition Valid="TURN_OFF_NAV_ON_VOLUME_OFF">
					<PROCESS_PARAM5>True</PROCESS_PARAM5>
					<PARAM5>CIRCUIT_ID</PARAM5>
					<PARAM5_PREFIX>NAV</PARAM5_PREFIX>
					<PARAM5_SUFFIX>_CIRCUIT_ID</PARAM5_SUFFIX>
				</Condition>
			</UseTemplate>
			<Condition Valid="USE_ON_OFF_PUSH_BUTTON_FOR_NAV">
				<UseTemplate Name="GT_Helper_Recursive_ID">
					<USE_STATE_INDICATOR>True</USE_STATE_INDICATOR>
					<!-- VV Recursive parameters VV -->
					<EXIT_TEMPLATE>ELECTRICAL_Switch_Circuit_Template</EXIT_TEMPLATE>
					<MAX_ID>#NAV_COUNT#</MAX_ID>
					<PARAM2>NODE_ID</PARAM2>
					<PARAM2_PREFIX>AudioPanel_Push_NAV_</PARAM2_PREFIX>
					<PARAM2_SUFFIX>#SUFFIX_ID#</PARAM2_SUFFIX>
					<PARAM3>ANIM_NAME</PARAM3>
					<PARAM3_PREFIX>AudioPanel_Push_NAV_</PARAM3_PREFIX>
					<PARAM3_SUFFIX>#SUFFIX_ID#</PARAM3_SUFFIX>
					<PARAM4>SEQ1_NODE_ID</PARAM4>
					<PARAM4_PREFIX>AudioPanel_Push_NAV_</PARAM4_PREFIX>
					<PARAM4_SUFFIX>_Active#SUFFIX_ID#</PARAM4_SUFFIX>
					<!-- Dyn param -->
					<PROCESS_PARAM5>True</PROCESS_PARAM5>
					<PARAM5>CIRCUIT_ID</PARAM5>
					<PARAM5_PREFIX>NAV</PARAM5_PREFIX>
					<PARAM5_SUFFIX>_CIRCUIT_ID</PARAM5_SUFFIX>
					<!-- Dyn param -->
					<PROCESS_PARAM6>True</PROCESS_PARAM6>
					<PARAM6>TOOLTIPID</PARAM6>
					<PARAM6_PREFIX>NAV</PARAM6_PREFIX>
					<PARAM6_SUFFIX>_TOOLTIPID</PARAM6_SUFFIX>
				</UseTemplate>
			</Condition>
		</Component>
	</Condition>
	<Condition Valid="DME_COUNT">
		<Component ID="_Audiopanel_DME#SUFFIX_ID#">
			<UseTemplate Name="GT_Helper_Recursive_ID">
				<!-- VV Recursive parameters VV -->
				<EXIT_TEMPLATE>NAVCOM_Switch_DME_Sound_Template</EXIT_TEMPLATE>
				<MAX_ID>#DME_COUNT#</MAX_ID>
				<PARAM2>NODE_ID</PARAM2>
				<PARAM2_PREFIX>AudioPanel_Knob_DME_</PARAM2_PREFIX>
				<PARAM2_SUFFIX>#SUFFIX_ID#</PARAM2_SUFFIX>
				<PARAM3>ANIM_NAME</PARAM3>
				<PARAM3_PREFIX>AudioPanel_Knob_DME_</PARAM3_PREFIX>
				<PARAM3_SUFFIX>#SUFFIX_ID#</PARAM3_SUFFIX>
				<!-- Dyn param -->
				<PROCESS_PARAM4>True</PROCESS_PARAM4>
				<PARAM4>ANIMTIP_0</PARAM4>
				<PARAM4_PREFIX>DME</PARAM4_PREFIX>
				<PARAM4_SUFFIX>_ANIMTIP_0</PARAM4_SUFFIX>
				<PROCESS_PARAM5>True</PROCESS_PARAM5>
				<PARAM5>ANIMTIP_1</PARAM5>
				<PARAM5_PREFIX>DME</PARAM5_PREFIX>
				<PARAM5_SUFFIX>_ANIMTIP_1</PARAM5_SUFFIX>
			</UseTemplate>
		</Component>
	</Condition>
	<Condition Valid="ADF_COUNT">
		<Component ID="_Audiopanel_ADF#SUFFIX_ID#">
			<UseTemplate Name="GT_Helper_Recursive_ID">
				<!-- VV Recursive parameters VV -->
				<EXIT_TEMPLATE>NAVCOM_Switch_ADF_Sound_Template</EXIT_TEMPLATE>
				<MAX_ID>#ADF_COUNT#</MAX_ID>
				<PARAM2>NODE_ID</PARAM2>
				<PARAM2_PREFIX>AudioPanel_Knob_ADF_</PARAM2_PREFIX>
				<PARAM2_SUFFIX>#SUFFIX_ID#</PARAM2_SUFFIX>
				<PARAM3>ANIM_NAME</PARAM3>
				<PARAM3_PREFIX>AudioPanel_Knob_ADF_</PARAM3_PREFIX>
				<PARAM3_SUFFIX>#SUFFIX_ID#</PARAM3_SUFFIX>
				<!-- Dyn param -->
				<PROCESS_PARAM4>True</PROCESS_PARAM4>
				<PARAM4>ANIMTIP_0</PARAM4>
				<PARAM4_PREFIX>ADF</PARAM4_PREFIX>
				<PARAM4_SUFFIX>_ANIMTIP_0</PARAM4_SUFFIX>
				<PROCESS_PARAM5>True</PROCESS_PARAM5>
				<PARAM5>ANIMTIP_1</PARAM5>
				<PARAM5_PREFIX>ADF</PARAM5_PREFIX>
				<PARAM5_SUFFIX>_ANIMTIP_1</PARAM5_SUFFIX>
			</UseTemplate>
		</Component>
	</Condition>
	<Condition Valid="USE_MARKER">
		<Component ID="_Audiopanel_Marker#SUFFIX_ID#">
			<UseTemplate Name="NAVCOM_Switch_MARKER_Sound_Template">
				<ID>1</ID>
				<NODE_ID>AudioPanel_Knob_Marker#SUFFIX_ID#</NODE_ID>
				<ANIM_NAME>AudioPanel_Knob_Marker#SUFFIX_ID#</ANIM_NAME>
				<Condition Valid="MARKER_ANIMTIP_0">
					<ANIMTIP_0>#MARKER_ANIMTIP_0#</ANIMTIP_0>
				</Condition>
				<Condition Valid="MARKER_ANIMTIP_1">
					<ANIMTIP_1>#MARKER_ANIMTIP_1#</ANIMTIP_1>
				</Condition>
			</UseTemplate>
		</Component>
	</Condition>
	<Condition Valid="USE_MUTE">
		<Component ID="_Audiopanel_Mute#SUFFIX_ID#">
			<UseTemplate Name="AUDIO_Switch_Test_Mute_Template">
				<NODE_ID>AudioPanel_Push_Mute#SUFFIX_ID#</NODE_ID>
				<ANIM_NAME>AudioPanel_Push_Mute#SUFFIX_ID#</ANIM_NAME>
				<INTERACTION_TYPE>PUSH</INTERACTION_TYPE>
				<Condition Valid="MARKER_TOOLTIPID">
					<TOOLTIPID>#MARKER_TOOLTIPID#</TOOLTIPID>
				</Condition>
			</UseTemplate>
		</Component>
	</Condition>
	<Condition Valid="USE_SPEAKER">
		<Component ID="_Audiopanel_Speaker#SUFFIX_ID#">
			<UseTemplate Name="AUDIO_Switch_Speaker_Template">
				<NODE_ID>AudioPanel_Knob_Speaker#SUFFIX_ID#</NODE_ID>
				<ANIM_NAME>AudioPanel_Knob_Speaker#SUFFIX_ID#</ANIM_NAME>
				<Condition Valid="SPEAKER_ANIMTIP_0">
					<ANIMTIP_0>#SPEAKER_ANIMTIP_0#</ANIMTIP_0>
				</Condition>
				<Condition Valid="SPEAKER_ANIMTIP_1">
					<ANIMTIP_1>#SPEAKER_ANIMTIP_1#</ANIMTIP_1>
				</Condition>	
			</UseTemplate>
		</Component>
	</Condition>
</Template>

<!-- GT Audio Panel -->
<Template Name="AudioPanel_Knob_Volume_Template">
	<DefaultTemplateParameters>
		<ID>1</ID>
	</DefaultTemplateParameters>

	<UseTemplate Name="GT_Helper_Suffix_ID_Appender">
		<TEMPLATE_TO_CALL>AudioPanel_Knob_Volume_SubTemplate</TEMPLATE_TO_CALL>
	</UseTemplate>
</Template>

<Template Name="AudioPanel_Knob_Volume_SubTemplate">
	<DefaultTemplateParameters>
		<NODE_ID>AudioPanel_Knob_Volume_#ID##SUFFIX_ID#</NODE_ID>
		<ANIM_NAME>AudioPanel_Knob_Volume_#ID##SUFFIX_ID#</ANIM_NAME>
		<PART_ID>AudioPanel_Knob_Volume</PART_ID>
		<Condition Check="COPILOT">
			<KNOB_INCREMENT>1</KNOB_INCREMENT>
		</Condition>
		<WRAP>True</WRAP>
		<WWISE_EVENT>navcom_audio_volume_knob_#ID#</WWISE_EVENT>
	</DefaultTemplateParameters>
	<Component ID="#NODE_ID#" Node="#NODE_ID#">
		<UseTemplate Name="GT_Knob_Finite_Code">
			<!-- <CLOCKWISE_CODE>(A:COM VOLUME:#ID#, percent) #KNOB_INCREMENT# + 100 min (&gt;K:COM#ID#_VOLUME_SET)</CLOCKWISE_CODE> -->
			<!-- <ANTICLOCKWISE_CODE>(A:COM VOLUME:#ID#, percent) #KNOB_INCREMENT# - 0 max (&gt;K:COM#ID#_VOLUME_SET)</ANTICLOCKWISE_CODE> -->
			<Condition Check="COPILOT">
				<True>
					<CLOCKWISE_CODE>(O:XMLVAR_Copilot_Volume_#ID#) #KNOB_INCREMENT# + 100 min (&gt;O:XMLVAR_Copilot_Volume_#ID#)</CLOCKWISE_CODE>
					<ANTICLOCKWISE_CODE>(O:XMLVAR_Copilot_Volume_#ID#) #KNOB_INCREMENT# - 0 max (&gt;O:XMLVAR_Copilot_Volume_#ID#)</ANTICLOCKWISE_CODE>
					<ANIM_CODE>(O:XMLVAR_Copilot_Volume_#ID#)</ANIM_CODE>
					<COUNT>20</COUNT>
				</True>
				<False>
					<CLOCKWISE_CODE>(&gt;K:AUDIO_PANEL_VOLUME_INC)</CLOCKWISE_CODE>
					<ANTICLOCKWISE_CODE>(&gt;K:AUDIO_PANEL_VOLUME_DEC)</ANTICLOCKWISE_CODE>
					<ANIM_CODE>(A:AUDIO PANEL VOLUME, percent)</ANIM_CODE>
					<COUNT>100</COUNT>
				</False>
			</Condition>
		</UseTemplate>
	</Component>
</Template>

<Template Name="AudioPanel_Knob_Squelch_Template">
	<DefaultTemplateParameters>
		<ID>1</ID>
	</DefaultTemplateParameters>

	<UseTemplate Name="GT_Helper_Suffix_ID_Appender">
		<TEMPLATE_TO_CALL>AudioPanel_Knob_Squelch_SubTemplate</TEMPLATE_TO_CALL>
	</UseTemplate>
</Template>

<Template Name="AudioPanel_Knob_Squelch_SubTemplate">
	<DefaultTemplateParameters>
		<NODE_ID>AudioPanel_Knob_Squelch_#ID##SUFFIX_ID#</NODE_ID>
		<ANIM_NAME>AudioPanel_Knob_Squelch_#ID##SUFFIX_ID#</ANIM_NAME>
		<PART_ID>AudioPanel_Knob_Squelch</PART_ID>
		<KNOB_INCREMENT>5</KNOB_INCREMENT>
		<WWISE_EVENT>audio_squelch_knob</WWISE_EVENT>
		<COUNT>20</COUNT>
	</DefaultTemplateParameters>
	<Component ID="#NODE_ID#" Node="#NODE_ID#">
		<UseTemplate Name="GT_Knob_Finite_Code">
			<CLOCKWISE_CODE>(I:XMLVAR_Audiopanel_Squelch_#ID#) #KNOB_INCREMENT# + 100 min (&gt;I:XMLVAR_Audiopanel_Squelch_#ID#)</CLOCKWISE_CODE>
			<ANTICLOCKWISE_CODE>(I:XMLVAR_Audiopanel_Squelch_#ID#) #KNOB_INCREMENT# - 0 max (&gt;I:XMLVAR_Audiopanel_Squelch_#ID#)</ANTICLOCKWISE_CODE>
			<ANIM_CODE>(I:XMLVAR_Audiopanel_Squelch_#ID#)</ANIM_CODE>
		</UseTemplate>
	</Component>
</Template>

<Template Name="AudioPanel_Switch_Intercom_Template">
	<DefaultTemplateParameters>
		<ID>1</ID>
	</DefaultTemplateParameters>

	<UseTemplate Name="GT_Helper_Suffix_ID_Appender">
		<TEMPLATE_TO_CALL>AudioPanel_Switch_Intercom_SubTemplate</TEMPLATE_TO_CALL>
	</UseTemplate>
</Template>

<Template Name="AudioPanel_Switch_Intercom_SubTemplate">
	<DefaultTemplateParameters>
		<NODE_ID>AudioPanel_Switch_Intercom#SUFFIX_ID#</NODE_ID>
		<ANIM_NAME>AudioPanel_Switch_Intercom#SUFFIX_ID#</ANIM_NAME>
		<PART_ID>AudioPanel_Switch_Intercom</PART_ID>
		<Switch Param="SWITCH_TYPE">
			<Case Value="ON_OFF">
				<INTERCOM_POS_ON>1</INTERCOM_POS_ON><!-- ALL -->
				<INTERCOM_POS_OFF>0</INTERCOM_POS_OFF><!-- ISO -->
			</Case>
			<Default>
				<POS_ISO>0</POS_ISO>
				<POS_ALL>1</POS_ALL>
				<POS_CREW>2</POS_CREW>
			</Default>
		</Switch>
		<WWISE_EVENT>audio_switch_intercom</WWISE_EVENT>
		<WWISE_EVENT_1>audio_intercom_switch_on</WWISE_EVENT_1>
		<WWISE_EVENT_2>audio_intercom_switch_off</WWISE_EVENT_2>
	</DefaultTemplateParameters>
	<Component ID="#NODE_ID#" Node="#NODE_ID#">
		<Switch Param="SWITCH_TYPE">
			<Case Value="ON_OFF">
				<UseTemplate Name="GT_Switch_Code">
					<ANIM_CODE>(A:INTERCOM MODE, Enum) #INTERCOM_POS_ON# == 100 *</ANIM_CODE>
					<LEFT_SINGLE_CODE>
						(A:INTERCOM MODE, Enum) #INTERCOM_POS_ON# == if{
							#INTERCOM_POS_OFF# (&gt;K:INTERCOM_MODE_SET)
						} els{
							#INTERCOM_POS_ON# (&gt;K:INTERCOM_MODE_SET)
						}
					</LEFT_SINGLE_CODE>
				</UseTemplate>
			</Case>
			<Default>
				<UseTemplate Name="GT_Switch_3States">
					<ANIMTIP_#POS_ISO#>TT:COCKPIT.TOOLTIPS.NAVCOM_ICS_MODE_ISO</ANIMTIP_#POS_ISO#>
					<ANIMTIP_#POS_ALL#>TT:COCKPIT.TOOLTIPS.NAVCOM_ICS_MODE_ALL</ANIMTIP_#POS_ALL#>
					<ANIMTIP_#POS_CREW#>TT:COCKPIT.TOOLTIPS.NAVCOM_ICS_MODE_CREW</ANIMTIP_#POS_CREW#>
					<CODE_POS_#POS_ISO#>
						0 (&gt;K:INTERCOM_MODE_SET)
					</CODE_POS_#POS_ISO#>
					<CODE_POS_#POS_ALL#>
						1 (&gt;K:INTERCOM_MODE_SET)
					</CODE_POS_#POS_ALL#>
					<CODE_POS_#POS_CREW#>
						2 (&gt;K:INTERCOM_MODE_SET)
					</CODE_POS_#POS_CREW#>
					<STATE#POS_ISO#_TEST>
						(A:INTERCOM MODE, Enum) 0 ==
					</STATE#POS_ISO#_TEST>
					<STATE#POS_ALL#_TEST>
						(A:INTERCOM MODE, Enum) 1 ==
					</STATE#POS_ALL#_TEST>
					<STATE#POS_CREW#_TEST>
						(A:INTERCOM MODE, Enum) 2 ==
					</STATE#POS_CREW#_TEST>
				</UseTemplate>
			</Default>
		</Switch>
	</Component>
</Template>

<Template Name="AudioPanel_Light_Template">
	<DefaultTemplateParameters>
		<ID>1</ID>
	</DefaultTemplateParameters>

	<UseTemplate Name="GT_Helper_Suffix_ID_Appender">
		<TEMPLATE_TO_CALL>AudioPanel_Light_SubTemplate</TEMPLATE_TO_CALL>
	</UseTemplate>
</Template>

<Template Name="AudioPanel_Light_SubTemplate">
	<DefaultTemplateParameters>
		<NODE_ID>AudioPanel_Light#SUFFIX_ID#</NODE_ID>
		<PART_ID>AudioPanel_Light</PART_ID>
		<VAR_NAME>COM VOLUME:1, percent</VAR_NAME>
		<VAR_SCOPE>A</VAR_SCOPE>
	</DefaultTemplateParameters>
	<Component ID="#NODE_ID#" Node="#NODE_ID#">
		<UseTemplate Name="GT_Emissive_Gauge">
			<Condition Check="CIRCUIT_ID">
				<True>
					<EMISSIVE_CODE>(A:CIRCUIT ON:#CIRCUIT_ID#, Bool) (#VAR_SCOPE#:#VAR_NAME#) 0 &gt; and</EMISSIVE_CODE>
				</True>
				<False>
					<EMISSIVE_CODE>(A:CIRCUIT AVIONICS ON, Bool) (#VAR_SCOPE#:#VAR_NAME#) 0 &gt; and</EMISSIVE_CODE>
				</False>
			</Condition>
		</UseTemplate>
	</Component>
</Template>

<!-- GT Audio -->
<Template Name="AUDIO_Indicator_O_Component">
	<DefaultTemplateParameters>
		<ID>1</ID>
	</DefaultTemplateParameters>
	
	<UseTemplate Name="GT_Helper_Suffix_ID_Appender">
		<TEMPLATE_TO_CALL>AUDIO_Indicator_O_Component_Subtemplate</TEMPLATE_TO_CALL>
	</UseTemplate>
</Template>
<Template Name="AUDIO_Indicator_O_Component_Subtemplate">
	<DefaultTemplateParameters>
		<NODE_ID>AUDIO_Indicator_O#SUFFIX_ID#</NODE_ID>
		<ID>1</ID>
	</DefaultTemplateParameters>
	<Component ID="AUDIO_Indicator_O_#ID#" Node="#NODE_ID#">
		<UseTemplate Name="GT_Emissive_Gauge">
			<EMISSIVE_CODE>
				(E:SIMULATION TIME, seconds) 2 * 1 % 0.5 &lt;
				or
				(A:OUTER MARKER, Bool)
				and
				(A:MARKER BEACON TEST MUTE, bool)
				or
			</EMISSIVE_CODE>
		</UseTemplate>
	</Component>
</Template>

<Template Name="AUDIO_Indicator_M_Component">
	<DefaultTemplateParameters>
		<ID>1</ID>
	</DefaultTemplateParameters>
	
	<UseTemplate Name="GT_Helper_Suffix_ID_Appender">
		<TEMPLATE_TO_CALL>AUDIO_Indicator_M_Component_Subtemplate</TEMPLATE_TO_CALL>
	</UseTemplate>
</Template>
<Template Name="AUDIO_Indicator_M_Component_Subtemplate">
	<DefaultTemplateParameters>
		<NODE_ID>AUDIO_Indicator_M#SUFFIX_ID#</NODE_ID>
		<ID>1</ID>
	</DefaultTemplateParameters>
	<Component ID="AUDIO_Indicator_M_#ID#" Node="#NODE_ID#">
		<UseTemplate Name="GT_Emissive_Gauge">
			<EMISSIVE_CODE>
				(E:SIMULATION TIME, seconds) sp0
				l0 1 % 0.8 &gt;
				l0 1 % 0.9 &lt;
				and
				l0 1 % 0.5 &lt;
				or
				(A:MIDDLE MARKER, Bool)
				and
				(A:MARKER BEACON TEST MUTE, bool)
				or
			</EMISSIVE_CODE>
		</UseTemplate>
	</Component>
</Template>

<Template Name="AUDIO_Indicator_I_Component">
	<DefaultTemplateParameters>
		<ID>1</ID>
	</DefaultTemplateParameters>
	
	<UseTemplate Name="GT_Helper_Suffix_ID_Appender">
		<TEMPLATE_TO_CALL>AUDIO_Indicator_I_Component_Subtemplate</TEMPLATE_TO_CALL>
	</UseTemplate>
</Template>
<Template Name="AUDIO_Indicator_I_Component_Subtemplate">
	<DefaultTemplateParameters>
		<NODE_ID>AUDIO_Indicator_I#SUFFIX_ID#</NODE_ID>
		<ID>1</ID>
	</DefaultTemplateParameters>
	<Component ID="AUDIO_Indicator_I_#ID#" Node="#NODE_ID#">
		<UseTemplate Name="GT_Emissive_Gauge">
			<EMISSIVE_CODE>
				(E:SIMULATION TIME, seconds) 6 * 1 % 0.5 &lt;
				or
				(A:INNER MARKER, Bool)
				and
				(A:MARKER BEACON TEST MUTE, bool)
				or
			</EMISSIVE_CODE>
		</UseTemplate>
	</Component>
</Template>
<Template Name="AUDIO_Knob_Volume_Template">
	<DefaultTemplateParameters>
		<ID>1</ID>
	</DefaultTemplateParameters>
	
	<UseTemplate Name="GT_Helper_Suffix_ID_Appender">
		<TEMPLATE_TO_CALL>AUDIO_Knob_Volume_SubTemplate</TEMPLATE_TO_CALL>
	</UseTemplate>
</Template>
<Template Name="AUDIO_Knob_Volume_SubTemplate">
	<DefaultTemplateParameters>
		<NODE_ID>AUDIO_Knob_Volume#SUFFIX_ID#</NODE_ID>
		<ANIM_NAME>AUDIO_Knob_Volume#SUFFIX_ID#</ANIM_NAME>
		<PART_ID>AUDIO_Knob_Volume</PART_ID>
		<Condition Check="USE_DIMMING_KNOB">
			<DIMMING_NODE_ID>AUDIO_Knob_Dimming</DIMMING_NODE_ID>
			<DIMMING_ANIM_NAME>AUDIO_Knob_Dimming</DIMMING_ANIM_NAME>
			<POTENTIOMETER>4</POTENTIOMETER>
			<KNOB_SPEED>5</KNOB_SPEED>
			<MIN_DIMMING>0.1</MIN_DIMMING>
			<MAX_DIMMING>1</MAX_DIMMING>
			<INIT_VALUE>50</INIT_VALUE>
		</Condition>
		<WWISE_EVENT>navcom_audio_volume_knob</WWISE_EVENT>		
		<COUNT>20</COUNT>
		<AUDIO_VOLUME_LARGE_KNOB>navcom_audio_volume_large_knob</AUDIO_VOLUME_LARGE_KNOB>
		<AUDIO_VOLUME_LARGE_KNOB_COUNT>100</AUDIO_VOLUME_LARGE_KNOB_COUNT>
	</DefaultTemplateParameters>
	<Component ID="#NODE_ID#" Node="#NODE_ID#">
		<UseTemplate Name="GT_Knob_Finite_Simvar">
			<CLOCKWISE_CODE>(&gt;K:AUDIO_PANEL_VOLUME_INC)</CLOCKWISE_CODE>
			<ANTICLOCKWISE_CODE>(&gt;K:AUDIO_PANEL_VOLUME_DEC)</ANTICLOCKWISE_CODE>
			<ANIM_SIMVAR>AUDIO PANEL VOLUME</ANIM_SIMVAR>
			<ANIMREF_ID>0</ANIMREF_ID>
			<ANIMTIP_0>TT:COCKPIT.TOOLTIPS.INOP TT:COCKPIT.TOOLTIPS.NAVCOM_COM_VOLUME_DECREASE</ANIMTIP_0>
			<ANIMTIP_0_ON_CURSOR>TurnLeft</ANIMTIP_0_ON_CURSOR>
			<ANIMTIP_1>TT:COCKPIT.TOOLTIPS.INOP TT:COCKPIT.TOOLTIPS.NAVCOM_COM_VOLUME_INCREASE</ANIMTIP_1>
			<ANIMTIP_1_ON_CURSOR>TurnRight</ANIMTIP_1_ON_CURSOR>
			<WWISE_EVENT>#AUDIO_VOLUME_LARGE_KNOB#</WWISE_EVENT>			
			<COUNT>#AUDIO_VOLUME_LARGE_KNOB_COUNT#</COUNT>
		</UseTemplate>
	</Component>
	<Condition Check="USE_DIMMING_KNOB">
		<Component ID="#DIMMING_NODE_ID#" Node="#DIMMING_NODE_ID#">
			<DefaultTemplateParameters>
				<DIMMING_RANGE Process="Float">#MAX_DIMMING# #MIN_DIMMING# -</DIMMING_RANGE>
				<DIMMING_MIN_SCALED Process="Float">#MIN_DIMMING# 100 *</DIMMING_MIN_SCALED>
			</DefaultTemplateParameters>
			<Update Once="True">
				#INIT_VALUE# (&gt;O:Knob_Position)
				(O:Knob_Position) #DIMMING_RANGE# * #DIMMING_MIN_SCALED# + (&gt;K:LIGHT_POTENTIOMETER_#POTENTIOMETER#_SET)
			</Update>
			<UseTemplate Name="GT_Knob_Finite_Code">
				<CLOCKWISE_CODE>(&gt;K:AUDIO_PANEL_VOLUME_INC)</CLOCKWISE_CODE>
				<ANTICLOCKWISE_CODE>(&gt;K:AUDIO_PANEL_VOLUME_DEC)</ANTICLOCKWISE_CODE>
				<ANIM_CODE>(O:Knob_Position)</ANIM_CODE>
				<ANIM_NAME>#DIMMING_ANIM_NAME#</ANIM_NAME>
				<CLOCKWISE_CODE>
					(O:Knob_Position) #KNOB_SPEED# + 100 min (&gt;O:Knob_Position)
					(O:Knob_Position) #DIMMING_RANGE# * #DIMMING_MIN_SCALED# + (&gt;K:LIGHT_POTENTIOMETER_#POTENTIOMETER#_SET)
				</CLOCKWISE_CODE>
				<ANTICLOCKWISE_CODE>
					(O:Knob_Position) #KNOB_SPEED# - 0 max (&gt;O:Knob_Position)
					(O:Knob_Position) #DIMMING_RANGE# * #DIMMING_MIN_SCALED# + (&gt;K:LIGHT_POTENTIOMETER_#POTENTIOMETER#_SET)
				</ANTICLOCKWISE_CODE>
			</UseTemplate>
		</Component>
	</Condition>
</Template>

<Template Name="AUDIO_Switch_Test_Mute_Template">
	<DefaultTemplateParameters>
		<ID>1</ID>
	</DefaultTemplateParameters>

	<UseTemplate Name="GT_Helper_Suffix_ID_Appender">
		<TEMPLATE_TO_CALL>AUDIO_Switch_Test_Mute_SubTemplate</TEMPLATE_TO_CALL>
	</UseTemplate>
</Template>

<Template Name="AUDIO_Switch_Test_Mute_SubTemplate">
	<DefaultTemplateParameters>
		<NODE_ID>AUDIO_Switch_Test#SUFFIX_ID#</NODE_ID>
		<ANIM_NAME>AUDIO_Switch_Test#SUFFIX_ID#</ANIM_NAME>
		<PART_ID>AUDIO_Switch_Test</PART_ID>
		<WWISE_EVENT_1>navcom_audio_mute_switch_on</WWISE_EVENT_1>	
		<WWISE_EVENT_2>navcom_audio_mute_switch_off</WWISE_EVENT_2>
	</DefaultTemplateParameters>
	<Component ID="#NODE_ID#" Node="#NODE_ID#">
		<Switch Param="INTERACTION_TYPE">
			<case Value="PUSH">
				<UseTemplate Name="GT_Push_Button_Held_Simple">
					<LEFT_SINGLE_CODE>1 (&gt;K:MARKER_BEACON_TEST_MUTE)</LEFT_SINGLE_CODE>
					<LEFT_LEAVE_CODE>0 (&gt;K:MARKER_BEACON_TEST_MUTE)</LEFT_LEAVE_CODE>
					<ANIM_CODE>(A:MARKER BEACON TEST MUTE, Bool) 100 *</ANIM_CODE>
				</UseTemplate>
			</case>
			<Default>
				<UseTemplate Name="GT_Switch_Code">
					<ANIM_CODE>(A:MARKER BEACON TEST MUTE, Bool) 100 *</ANIM_CODE>
					<LEFT_SINGLE_CODE>(A:MARKER BEACON TEST MUTE, Bool) ! (&gt;K:MARKER_BEACON_TEST_MUTE)</LEFT_SINGLE_CODE>
				</UseTemplate>
			</Default>
		</Switch>
	</Component>
</Template>

<Template Name="AUDIO_Switch_Marker_Sens_Template">
	<DefaultTemplateParameters>
		<ID>1</ID>
	</DefaultTemplateParameters>

	<UseTemplate Name="GT_Helper_Suffix_ID_Appender">
		<TEMPLATE_TO_CALL>AUDIO_Switch_Marker_Sens_SubTemplate</TEMPLATE_TO_CALL>
	</UseTemplate>
</Template>

<Template Name="AUDIO_Switch_Marker_Sens_SubTemplate">
	<DefaultTemplateParameters>
		<NODE_ID>AUDIO_Switch_Marker#SUFFIX_ID#</NODE_ID>
		<ANIM_NAME>AUDIO_Switch_Marker#SUFFIX_ID#</ANIM_NAME>
		<PART_ID>AUDIO_Switch_Marker</PART_ID>
		<WWISE_EVENT_1>navcom_audio_marker_switch_on</WWISE_EVENT_1>	
		<WWISE_EVENT_2>navcom_audio_marker_switch_off</WWISE_EVENT_2>
	</DefaultTemplateParameters>
	<Component ID="#NODE_ID#" Node="#NODE_ID#">
		<UseTemplate Name="GT_Switch_Code">
			<ANIM_CODE>(A:MARKER BEACON SENSITIVITY HIGH, Bool) ! 100 *</ANIM_CODE>
			<LEFT_SINGLE_CODE>(A:MARKER BEACON SENSITIVITY HIGH, Bool) ! (&gt;K:MARKER_BEACON_SENSITIVITY_HIGH)</LEFT_SINGLE_CODE>
		</UseTemplate>
	</Component>
</Template>
<Template Name="AUDIO_Switch_Speaker_Template">
	<DefaultTemplateParameters>
		<ID>1</ID>
	</DefaultTemplateParameters>

	<UseTemplate Name="GT_Helper_Suffix_ID_Appender">
		<TEMPLATE_TO_CALL>AUDIO_Switch_Speaker_SubTemplate</TEMPLATE_TO_CALL>
	</UseTemplate>
</Template>

<Template Name="AUDIO_Switch_Speaker_SubTemplate">
	<DefaultTemplateParameters>
		<NODE_ID>AUDIO_Switch_Speaker#SUFFIX_ID#</NODE_ID>
		<ANIM_NAME>AUDIO_Switch_Speaker#SUFFIX_ID#</ANIM_NAME>
		<PART_ID>AUDIO_Switch_Speaker</PART_ID>
		<WWISE_EVENT_1>navcom_audio_push_on</WWISE_EVENT_1>	
		<NORMALIZED_TIME_1>0.1</NORMALIZED_TIME_1>	
		<WWISE_EVENT_2>navcom_audio_push_off</WWISE_EVENT_2>
		<NORMALIZED_TIME_2>0.5</NORMALIZED_TIME_2>	
	</DefaultTemplateParameters>
	<Component ID="#NODE_ID#" Node="#NODE_ID#">
		<Switch Param="SWITCH_TYPE">
			<case Value="PUSH">
				<UseTemplate Name="GT_Push_Button">
					<LEFT_SINGLE_CODE>(&gt;K:TOGGLE_SPEAKER)</LEFT_SINGLE_CODE>
				</UseTemplate>
			</case>
			<Default>
				<UseTemplate Name="GT_Switch_Code">
					<ANIM_CODE>(A:SPEAKER ACTIVE, Bool) 100 *</ANIM_CODE>
					<LEFT_SINGLE_CODE>(&gt;K:TOGGLE_SPEAKER)</LEFT_SINGLE_CODE>
				</UseTemplate>
			</Default>
		</Switch>
	</Component>
</Template>