
<Template Name="ASOBO_SAFETY_Push_Template">
	<DefaultTemplateParameters>
		<ID>1</ID>
	</DefaultTemplateParameters>
	<UseTemplate Name="ASOBO_SAFETY_Push_SubTemplate">
	</UseTemplate>
</Template>
<Template Name="ASOBO_SAFETY_Push_SubTemplate">
	<DefaultTemplateParameters>
		<ANIM_NAME>SAFETY_Push_#ID#</ANIM_NAME>
		<NODE_ID>SAFETY_Push_#ID#</NODE_ID>
		<PART_ID>SAFETY_Push_#ID#</PART_ID>
		<WWISE_EVENT_1>safety_push_button_on</WWISE_EVENT_1>
		<WWISE_EVENT_2>safety_push_button_off</WWISE_EVENT_2>
		<NODE_ID_SEQ1>SAFETY_Push_#ID#_SEQ1</NODE_ID_SEQ1>
		<NODE_ID_SEQ2>SAFETY_Push_#ID#_SEQ2</NODE_ID_SEQ2>
		<SWITCH_POSITION_TYPE>I</SWITCH_POSITION_TYPE>
		<SWITCH_POSITION_VAR>SAFETY_Push_#ID#_ButtonAnimVar</SWITCH_POSITION_VAR>
	</DefaultTemplateParameters>
	<OverrideTemplateParameters>
		<BUTTON_DOWN_EMISSIVE>
			<Switch>
				<Case Check="AIRBUS_TYPE">
					0
				</Case>
				<Default>
					(#SWITCH_POSITION_TYPE#:#SWITCH_POSITION_VAR#_IsDown)
				</Default>
			</Switch>
		</BUTTON_DOWN_EMISSIVE>
	</OverrideTemplateParameters>
	
	<Condition Check="AIRBUS_TYPE">
		<True>
			<Component ID="#NODE_ID#" Node="#NODE_ID#">
				<UseTemplate Name="ASOBO_GT_Push_Button_Held">
					<EMISSIVE_CODE/>
				</UseTemplate>
			</Component>
			<Component ID="#NODE_ID_SEQ1#" Node="#NODE_ID_SEQ1#">
				<UseTemplate Name="ASOBO_GT_Emissive_Gauge">
					<EMISSIVE_CODE> #BUTTON_DOWN_EMISSIVE# #EMISSIVE_CODE# or </EMISSIVE_CODE>
				</UseTemplate>
			</Component>
			<Condition Check="NO_SEQ2">
				<False>
					<Component ID="#NODE_ID_SEQ2#" Node="#NODE_ID_SEQ2#">
						<UseTemplate Name="ASOBO_GT_Emissive_Gauge">
							<EMISSIVE_CODE> #BUTTON_DOWN_EMISSIVE# #EMISSIVE_CODE# or </EMISSIVE_CODE>
						</UseTemplate>
					</Component>
				</False>
			</Condition>
		</True>
		<False>
			<Component ID="#NODE_ID#" Node="#NODE_ID#">
				<UseTemplate Name="ASOBO_GT_Push_Button_Held">
				</UseTemplate>
			</Component>
		</False>
	</Condition>
</Template>

<!-- Generic SAFETY indicators template -->
<Template Name="ASOBO_SAFETY_Indicator_SubTemplate">
	<DefaultTemplateParameters>
		<EMISSIVE_CODE>0</EMISSIVE_CODE>
		<REQUIRE_ACK_CODE/>
		<CANCEL_ACK_CODE/>
		<DAYNIGHT_FACTOR>0.7</DAYNIGHT_FACTOR>
	</DefaultTemplateParameters>
	<UseTemplate Name="ASOBO_SAFETY_Indicator_SubSubTemplate">
		<Condition Check="CHECK_DAYNIGHT_SWITCH">
			<EMISSIVE_CODE>
				(L:XMLVAR_WarningsAttenuated) if{
					#DAYNIGHT_FACTOR# sp1
				} els{ 
					1 sp1
				}
				#EMISSIVE_CODE# l1 *
			</EMISSIVE_CODE>
		</Condition>
	</UseTemplate>	
</Template>

<Template Name="ASOBO_SAFETY_Indicator_SubSubTemplate">
	<DefaultTemplateParameters>
		<CUSTOM_TEST_CODE>1</CUSTOM_TEST_CODE>
		<Condition Check="CHECK_ANNUNCIATOR_SWITCH">
			<True>
				<CUSTOM_TEST_COND>(A:ANNUNCIATOR SWITCH, bool)</CUSTOM_TEST_COND>
			</True>
			<False>
				<CUSTOM_TEST_COND>(L:XMLVAR_LTS_Test)</CUSTOM_TEST_COND>
			</False>
		</Condition>
	</DefaultTemplateParameters>
	<Component ID="#NODE_ID#" Node="#NODE_ID#">
		<UseTemplate Name="ASOBO_GT_Emissive_Gauge">
			<Condition Check="CHECK_ACKNOWLEDGE">
				<True>
					<EMISSIVE_CODE>
						#EMISSIVE_CODE# (&gt;O:NewIndicatorState)
						(O:NewIndicatorState) (O:IndicatorActive) != if{
							(O:IndicatorActive) if{
								0 (&gt;O:IndicatorActive)
								(O:Local_Ack_Request_Time) (L:XMLVAR_AcknowledgeTime) &gt; if{
									#CANCEL_ACK_CODE#
								}
							} els{
								1 (&gt;O:IndicatorActive)
								(E:SIMULATION TIME, second) (&gt;O:Local_Ack_Request_Time)
								(O:Local_Ack_Request_Time) (L:XMLVAR_AcknowledgeTime) &gt; if{
									#REQUIRE_ACK_CODE#
								}
							}
						}
						#CUSTOM_TEST_COND# if{ 
							#CUSTOM_TEST_CODE# 
						} els{
							(O:Local_Ack_Request_Time) (L:XMLVAR_AcknowledgeTime) &gt; if{
								(O:NewIndicatorState) (I:XMLVAR_SAFETY_Blink) min
							} els{
								(O:NewIndicatorState)
							}
						}
					</EMISSIVE_CODE>
				</True>
				<False>
					<EMISSIVE_CODE>
						#CUSTOM_TEST_COND# if{ 
							#CUSTOM_TEST_CODE# 
						} els{
							#EMISSIVE_CODE#
						}
					</EMISSIVE_CODE>
				</False>
			</Condition>
		</UseTemplate>
	</Component>
</Template>

<Template Name="ASOBO_SAFETY_Gauge_OxygenPressure_SubTemplate">
	<DefaultTemplateParameters>
		<FACTOR Process="1">#PRESSURE_MAX_TEMP_FAHRENHEIT# #PRESSURE_MIN_TEMP_FAHRENHEIT# - #MAX_TEMP# #MIN_TEMP# - /</FACTOR>
		<NODE_ID>SAFETY_Gauge_OxygenPressure</NODE_ID>
		<ANIM_NAME>SAFETY_Gauge_OxygenPressure</ANIM_NAME>
		<PART_ID>SAFETY_Gauge_OxygenPressure</PART_ID>
		<DISPLAY_PRESSURE_MIN>0</DISPLAY_PRESSURE_MIN>
		<DISPLAY_PRESSURE_MAX>4000</DISPLAY_PRESSURE_MAX>
		<ANIM_LENGTH>100</ANIM_LENGTH>
		<TEMPERATURE_UNIT>fahrenheit</TEMPERATURE_UNIT>
	</DefaultTemplateParameters>
	<Component ID="#NODE_ID#" Node="#NODE_ID#">
		<Update Frequency="10">
			#FACTOR# (A:AMBIENT TEMPERATURE, #TEMPERATURE_UNIT#) * #PRESSURE_MIN_TEMP_FAHRENHEIT# + (&gt;O:XMLVAR_TargetPressure)
		</Update>
		<UseTemplate Name="ASOBO_GT_Anim_Code">
			<ANIM_CODE>
				(O:XMLVAR_TargetPressure) #DISPLAY_PRESSURE_MAX# min #DISPLAY_PRESSURE_MIN# max #DISPLAY_PRESSURE_MAX# / 100 *
			</ANIM_CODE>
		</UseTemplate>
	</Component>
</Template>

<Template Name="ASOBO_SAFETY_Switch_Light_SubTemplate">
	<DefaultTemplateParameters>
		<ANIMREF_ID>0</ANIMREF_ID>
		<ANIMTIP_#DIM_ID#>TT:COCKPIT.TOOLTIPS.SAFETY_SWITCH_NIGHT</ANIMTIP_#DIM_ID#>
		<ANIMTIP_0_ON_PERCENT>0</ANIMTIP_0_ON_PERCENT>
		<ANIMTIP_1>TT:COCKPIT.TOOLTIPS.SAFETY_SWITCH_DAY</ANIMTIP_1>
		<ANIMTIP_1_ON_PERCENT>0.5</ANIMTIP_1_ON_PERCENT>
		<ANIMTIP_#TEST_ID#>TT:COCKPIT.TOOLTIPS.SAFETY_SWITCH_TEST</ANIMTIP_#TEST_ID#>
		<ANIMTIP_2_ON_PERCENT>1</ANIMTIP_2_ON_PERCENT>		
	</DefaultTemplateParameters>
	
	<Component ID="#NODE_ID#" Node="#NODE_ID#">
		<UseTemplate Name="ASOBO_GT_Switch_3States">
			<SWITCH_POSITION_TYPE>L</SWITCH_POSITION_TYPE>
			<SWITCH_POSITION_VAR>XMLVAR_DayNightSwitch</SWITCH_POSITION_VAR>
			<SWITCH_POSITION_TYPE_TIMER>L</SWITCH_POSITION_TYPE_TIMER>
			<SWITCH_POSITION_VAR_TIMER>XMLVAR_DayNightSwitch_Timer</SWITCH_POSITION_VAR_TIMER>
			<WWISE_EVENT>light_switch</WWISE_EVENT>
			<CODE_POS_#DIM_ID#>
				(&gt;K:ANNUNCIATOR_SWITCH_OFF)
				1 (&gt;L:XMLVAR_WarningsAttenuated)
			</CODE_POS_#DIM_ID#>
			<CODE_POS_1>
				(&gt;K:ANNUNCIATOR_SWITCH_OFF)
				0 (&gt;L:XMLVAR_WarningsAttenuated)
			</CODE_POS_1>
			<CODE_POS_#TEST_ID#>
				(&gt;K:ANNUNCIATOR_SWITCH_ON)
				0 (&gt;L:XMLVAR_WarningsAttenuated)
			</CODE_POS_#TEST_ID#>
			<MOMENTARY_SWITCH/>
			<STATE#DIM_ID#_TIMER>0</STATE#DIM_ID#_TIMER>
			<STATE#TEST_ID#_TIMER>0.01</STATE#TEST_ID#_TIMER>

		</UseTemplate>
	</Component>
</Component>