<!--
Active emissive for all autopilot buttons
[Required]NODE_ID: name of the node (ex: AUTOPILOT_Push_Something)
[Required]VAR_NAME: ALT_CODE variable name
VAR_SCOPE(Text, default:L): Scope of the variable
-->
<Template Name="AUTOPILOT_Push_Active_Template">
	<DefaultTemplateParameters>
		<Condition Valid="ACTIVE_EMISSIVE_BUTTON">
			<True>
				<ACTIVE_NODE_ID>#NODE_ID#</ACTIVE_NODE_ID>
			</True>
			<False>
				<Condition Check="BASE_NODE_ID">
					<True>
						<ACTIVE_NODE_ID>#BASE_NODE_ID#_Active#SUFFIX_ID#</ACTIVE_NODE_ID>
					</True>
					<False>
						<ACTIVE_NODE_ID>AUTOPILOT_Push_#DEFAULT_NAME#_Active#SUFFIX_ID#</ACTIVE_NODE_ID>
					</False>
				</Condition>
			</False>
		</Condition>
		<RECURSIVE_ID>2</RECURSIVE_ID>
	</DefaultTemplateParameters>
	<Component ID="#ACTIVE_NODE_ID#_Active" Node="#ACTIVE_NODE_ID#">
		<Condition Check="EMISSIVE_SIMVAR_ACTIVE">
			<True>
				<UseTemplate Name="GT_Emissive_Gauge_Sim">
					<ALT_CODE>(L:XMLVAR_LTS_Test)</ALT_CODE>
					<Condition Check="EMISSIVE_SIMVAR_ACTIVE">
						<EMISSIVE_SIMVAR>#EMISSIVE_SIMVAR_ACTIVE#</EMISSIVE_SIMVAR>
					</Condition>
					<Condition Valid="EMISSIVE_CODE_ACTIVE_DRIVES_VISIBILITY">
						<EMISSIVE_DRIVES_VISIBILITY>#EMISSIVE_CODE_ACTIVE_DRIVES_VISIBILITY#</EMISSIVE_DRIVES_VISIBILITY>
					</Condition>
				</UseTemplate>
			</True>
			<False>
				<UseTemplate Name="GT_Emissive_Gauge">
					<ALT_CODE>(L:XMLVAR_LTS_Test)</ALT_CODE>
					<Condition Check="EMISSIVE_CODE_ACTIVE">
						<EMISSIVE_CODE>#EMISSIVE_CODE_ACTIVE#</EMISSIVE_CODE>
					</Condition>
					<Condition Valid="EMISSIVE_CODE_ACTIVE_DRIVES_VISIBILITY">
						<EMISSIVE_DRIVES_VISIBILITY>#EMISSIVE_CODE_ACTIVE_DRIVES_VISIBILITY#</EMISSIVE_DRIVES_VISIBILITY>
					</Condition>
				</UseTemplate>
			</False>
		</Condition>
	</Component>
	
	<Condition Valid="ACTIVE_NODE_ID#RECURSIVE_ID#">
		<True>
			<UseTemplate Name="AUTOPILOT_Push_Active_Template">
				<RECURSIVE_ID Process="Int">#RECURSIVE_ID# 1 +</RECURSIVE_ID>
				<ACTIVE_NODE_ID Process="Param">ACTIVE_NODE_ID#RECURSIVE_ID#</ACTIVE_NODE_ID>
			</UseTemplate>
		</True>
	</Condition>
</Template>

<Template Name="AUTOPILOT_Push_Emissive_Template">
	<DefaultTemplateParameters>
		<DEFAULT_TEMPLATE_EMISSIVE>LIGHTING_Cabin_Emissive_Template</DEFAULT_TEMPLATE_EMISSIVE>
		<Condition Check="BASE_NODE_ID">
			<True>
				<EMISSIVE_NODE_ID>#BASE_NODE_ID#_Text#SUFFIX_ID#</EMISSIVE_NODE_ID>
			</True>
			<False>
				<EMISSIVE_NODE_ID>AUTOPILOT_Push_#DEFAULT_NAME#_Text#SUFFIX_ID#</EMISSIVE_NODE_ID>
			</False>
		</Condition>
		<Switch>
			<Case Check="POTENTIOMETER">
				<EMISSIVE_CODE>(A:LIGHT POTENTIOMETER:#POTENTIOMETER#, Percent over 100)</EMISSIVE_CODE>
			</Case>
			<Case Check="SIMVAR_POWER_SETTING">
				<EMISSIVE_CODE>(A:#SIMVAR_POWER_SETTING#, Percent over 100)</EMISSIVE_CODE>
			</Case>
			<Default>
				<EMISSIVE_CODE>1</EMISSIVE_CODE>
			</Default>
		</Switch>
	</DefaultTemplateParameters>
	<Condition Check="CIRCUIT_ID">
		<False>
			<UseTemplate Name="#DEFAULT_TEMPLATE_EMISSIVE#">
				<NODE_ID>#EMISSIVE_NODE_ID#</NODE_ID>
			</UseTemplate>
		</False>
		<True>
			<Component ID="#EMISSIVE_NODE_ID#_Emissive_Node" Node="#EMISSIVE_NODE_ID#">
				<UseTemplate Name="GT_Emissive_Gauge">
					<FAILURE>(A:CIRCUIT ON:#CIRCUIT_ID#, Bool)</FAILURE>
				</UseTemplate>
			</Component>
		</True>
	</Condition>
</Template>

<Template Name="AUTOPILOT_Push_Template">
	<DefaultTemplateParameters>
		<ID>1</ID>
	</DefaultTemplateParameters>
	
	<UseTemplate Name="GT_Helper_Suffix_ID_Appender">
		<TEMPLATE_TO_CALL>AUTOPILOT_Push_SubTemplate</TEMPLATE_TO_CALL>
	</UseTemplate>
</Template>

<Template Name="AUTOPILOT_Push_SubTemplate">
	<DefaultTemplateParameters>
		<Condition Check="NODE_ID">
			<True>
				<BASE_NODE_ID>#NODE_ID#</BASE_NODE_ID>
			</True>
		</Condition>
		<NODE_ID>AUTOPILOT_Push_#DEFAULT_NAME##SUFFIX_ID#</NODE_ID>
		<ANIM_NAME>AUTOPILOT_Push_#DEFAULT_NAME##SUFFIX_ID#</ANIM_NAME>
		<PART_ID>AUTOPILOT_Push_#DEFAULT_NAME#</PART_ID>
		<AUTOPILOT_SWITCH_ON>autopilot_switch_on</AUTOPILOT_SWITCH_ON>
		<AUTOPILOT_SWITCH_OFF>autopilot_switch_off</AUTOPILOT_SWITCH_OFF>		
		<AUTOPILOT_PUSH_BUTTON_ON>autopilot_push_button_on</AUTOPILOT_PUSH_BUTTON_ON>
		<AUTOPILOT_PUSH_BUTTON_OFF>autopilot_push_button_off</AUTOPILOT_PUSH_BUTTON_OFF>
	</DefaultTemplateParameters>
	<Component ID="#NODE_ID#" Node="#NODE_ID#">
		<Condition Check="ANIM_CODE">
			<True>
				<UseTemplate Name="GT_Switch_Code">
					<WWISE_EVENT_1>#AUTOPILOT_SWITCH_ON#</WWISE_EVENT_1>
					<WWISE_EVENT_2>#AUTOPILOT_SWITCH_OFF#</WWISE_EVENT_2>
				</UseTemplate>
			</True>
			<False>
				<UseTemplate Name="GT_Push_Button">
					<WWISE_EVENT_1>#AUTOPILOT_PUSH_BUTTON_ON#</WWISE_EVENT_1>
					<NORMALIZED_TIME_1>0.1</NORMALIZED_TIME_1>
					<WWISE_EVENT_2>#AUTOPILOT_PUSH_BUTTON_OFF#</WWISE_EVENT_2>
					<NORMALIZED_TIME_2>0.5</NORMALIZED_TIME_2>
				</UseTemplate>
			</False>
		</Condition>
	</Component>
	<Condition Valid="NO_INDICATOR">
		<False>
			<UseTemplate Name="AUTOPILOT_Push_Active_Template">
			</UseTemplate>
		</False>
	</Condition>
	<Condition Valid="NO_TEXT_EMISSIVE">
		<False>
			<UseTemplate Name="AUTOPILOT_Push_Emissive_Template">
			</UseTemplate>
		</False>
	</Condition>
	<Condition Valid="BUTTON_EMISSIVE">
		<True>
			<UseTemplate Name="LIGHTING_Cabin_Emissive_Template">
			</UseTemplate>
		</True>
	</Condition>
	
	<Condition Check="INIT">
		<Update Once="True">
			#INIT#
		</Update>
	</Condition>
</Template>

<Template Name="AUTOPILOT_Knob_VerticalSpeed_SubTemplate">
	<DefaultTemplateParameters>
		<NODE_ID>AUTOPILOT_Knob_VerticalSpeed#SUFFIX_ID#</NODE_ID>
		<ANIM_NAME>AUTOPILOT_Knob_VerticalSpeed#SUFFIX_ID#</ANIM_NAME>
		<ANIM_NAME_PUSHPULL>AUTOPILOT_Knob_VerticalSpeed_PushPull#SUFFIX_ID#</ANIM_NAME_PUSHPULL>
		<Condition Valid="SEPARATED_INTERACTION">
			<HITBOX_UP_NODE_ID>AUTOPILOT_Knob_VerticalSpeed_DN#SUFFIX_ID#</HITBOX_UP_NODE_ID>
			<HITBOX_DOWN_NODE_ID>AUTOPILOT_Knob_VerticalSpeed_UP#SUFFIX_ID#</HITBOX_DOWN_NODE_ID>
		</Condition>
		<PART_ID>AUTOPILOT_Knob_VerticalSpeed</PART_ID>
		<WWISE_EVENT>autopilot_verticalspeed_knob</WWISE_EVENT>
		<COUNT>36</COUNT>
		<Condition Check="AIRBUS_TYPE">
			<False>
				<ANIMTIP_0>TT:COCKPIT.TOOLTIPS.AUTOPILOT_PANEL_VS_DECREASE</ANIMTIP_0>
				<ANIMTIP_0_ON_CURSOR>UpArrow</ANIMTIP_0_ON_CURSOR>
				<ANIMTIP_1>TT:COCKPIT.TOOLTIPS.AUTOPILOT_PANEL_VS_INCREASE</ANIMTIP_1>
				<ANIMTIP_1_ON_CURSOR>DownArrow</ANIMTIP_1_ON_CURSOR>
				<Switch>
					<Case Valid="UP_DEC_DN_INC">
						<CLOCKWISE_DIR>INC</CLOCKWISE_DIR>
						<ANTICLOCKWISE_DIR>DEC</ANTICLOCKWISE_DIR>
						<Condition Check="UP_DEC_DN_INC" Match="INVERT_ANIM">
							<INVERT_ANIM>True</INVERT_ANIM>
						</Condition>
					</Case>
					<Default>
						<CLOCKWISE_DIR>DEC</CLOCKWISE_DIR>
						<ANTICLOCKWISE_DIR>INC</ANTICLOCKWISE_DIR>
					</Default>
				</Switch>
			</False>
		</Condition>
	</DefaultTemplateParameters>
	<OverrideTemplateParameters>
		<Condition Valid="SET_AIRSPEED_ON_FLC">
			<True>
				<!-- The Dir is voluntarily inverted for SPD and MACH -->
				<CLOCKWISE_CODE>
					(A:AUTOPILOT FLIGHT LEVEL CHANGE, Bool) if{
						(L:XMLVAR_AirSpeedIsInMach) if{
							(&gt;K:AP_MACH_VAR_#ANTICLOCKWISE_DIR#)
						} els{
							(&gt;K:AP_SPD_VAR_#ANTICLOCKWISE_DIR#)
						}
					} els{
						(&gt;K:AP_VS_VAR_#CLOCKWISE_DIR#)
					}
				</CLOCKWISE_CODE>
				<ANTICLOCKWISE_CODE>
					(A:AUTOPILOT FLIGHT LEVEL CHANGE, Bool) if{
						(L:XMLVAR_AirSpeedIsInMach) if{
							(&gt;K:AP_MACH_VAR_#CLOCKWISE_DIR#)
						} els{
							(&gt;K:AP_SPD_VAR_#CLOCKWISE_DIR#)
						}
					} els{
						(&gt;K:AP_VS_VAR_#ANTICLOCKWISE_DIR#)
					}
				</ANTICLOCKWISE_CODE>
			</True>
			<False>
				<CLOCKWISE_CODE>(&gt;K:AP_VS_VAR_#CLOCKWISE_DIR#)</CLOCKWISE_CODE>
				<ANTICLOCKWISE_CODE>(&gt;K:AP_VS_VAR_#ANTICLOCKWISE_DIR#)</ANTICLOCKWISE_CODE>
			</False>
		</Condition>
		<Condition Check="HITBOX_UP_NODE_ID">
			<SEPARATED_INTERACTION>True</SEPARATED_INTERACTION>
		</Condition>
	</OverrideTemplateParameters>
	<EditableTemplateParameters>
		<AddParams>
			<ANIM_NAME></ANIM_NAME>
			<ANIM_NAME_PUSHPULL></ANIM_NAME_PUSHPULL>
		</AddParams>
		<AddOptions>
			<HITBOX_UP_NODE_ID></HITBOX_UP_NODE_ID>
			<HITBOX_DOWN_NODE_ID></HITBOX_DOWN_NODE_ID>
			<AIRBUS_TYPE></AIRBUS_TYPE>
		</AddOptions>
	</EditableTemplateParameters>

	<Switch>
		<Case Valid="SEPARATED_INTERACTION">
			<UseTemplate Name = "GT_Knob_Infinite_SeparatedInteraction">
				<SWITCH_DIRECTION>Vertical</SWITCH_DIRECTION>
			</UseTemplate>
		</Case>
		<Case Check="AIRBUS_TYPE">
			<Component ID="#NODE_ID#" Node="#NODE_ID#">
				<UseTemplate Name="GT_Knob_Infinite_PushPull">
					<CLOCKWISE_CODE>
						2 (&gt;K:AP_VS_VAR_INC)
						(&gt;H:A320_Neo_FCU_VS_INC)
					</CLOCKWISE_CODE>
					<ANTICLOCKWISE_CODE>
						2 (&gt;K:AP_VS_VAR_DEC)
						(&gt;H:A320_Neo_FCU_VS_DEC)
					</ANTICLOCKWISE_CODE>
					<PULL_CODE>
						(&gt;H:A320_Neo_FCU_VS_HOLD)
					</PULL_CODE>
					<PUSH_CODE>
						(&gt;H:A320_Neo_FCU_VS_ZERO)
					</PUSH_CODE>
					<CENTER_RADIUS>0</CENTER_RADIUS>
				</UseTemplate>
			</Component>
		</Case>
		<Default>
			<Component ID="#NODE_ID#" Node="#NODE_ID#">
				<UseTemplate Name="GT_Knob_Infinite">
					<SWITCH_DIRECTION>Vertical</SWITCH_DIRECTION>
				</UseTemplate>
			</Component>
		</Default>
	</Switch>
</Template>

<Template Name="AUTOPILOT_Knob_Heading_SubTemplate">
	<DefaultTemplateParameters>
		<ANIM_NAME_KNOB>AUTOPILOT_Knob_Heading#SUFFIX_ID#</ANIM_NAME_KNOB>
		<ANIM_NAME_PUSH>AUTOPILOT_Knob_Heading_Push#SUFFIX_ID#</ANIM_NAME_PUSH>
		<ANIM_NAME_PUSHPULL>AUTOPILOT_Knob_Heading_PushPull#SUFFIX_ID#</ANIM_NAME_PUSHPULL>
		<PART_ID>AUTOPILOT_Knob_Heading</PART_ID>
		<NODE_ID>AUTOPILOT_Knob_Heading#SUFFIX_ID#</NODE_ID>
		
		<ANIMTIP_0>TT:COCKPIT.TOOLTIPS.AUTOPILOT_PANEL_HDG_TUNING_LEFT</ANIMTIP_0>
		<ANIMTIP_0_ON_CURSOR>TurnLeft</ANIMTIP_0_ON_CURSOR>
		<ANIMTIP_1>TT:COCKPIT.TOOLTIPS.AUTOPILOT_PANEL_HDG_TUNING_RIGHT</ANIMTIP_1>
		<ANIMTIP_1_ON_CURSOR>TurnRight</ANIMTIP_1_ON_CURSOR>
		<ANIMTIP_3_ON_CURSOR>Hand</ANIMTIP_3_ON_CURSOR>
		<WWISE_EVENT_1>autopilot_knob_push_button_on</WWISE_EVENT_1>
		<NORMALIZED_TIME_1>0.1</NORMALIZED_TIME_1>
		<WWISE_EVENT_2>autopilot_knob_push_button_off</WWISE_EVENT_2>
		<NORMALIZED_TIME_2>0.5</NORMALIZED_TIME_2>
		<WWISE_EVENT>autopilot_heading_knob</WWISE_EVENT>
		<COUNT>36</COUNT>
		
		<Switch Param="TYPE">
			<Case Value="B747">
				<ANIMTIP_3>TT:COCKPIT.TOOLTIPS.AUTOPILOT_PANEL_HDG_BUTTON_OFF</ANIMTIP_3>
			</Case>
			<Case Value="AS01B">
				<ANIMTIP_3>TT:COCKPIT.TOOLTIPS.AUTOPILOT_PANEL_HDG_BUTTON_OFF</ANIMTIP_3>
			</Case>
			<Default>
				<ANIMTIP_3>TT:COCKPIT.TOOLTIPS.AUTOPILOT_PANEL_HDG_PUSH</ANIMTIP_3>
			</Default>
		</Switch>
	</DefaultTemplateParameters>
	<EditableTemplateParameters>
		<AddParams>
			<ANIM_NAME_KNOB></ANIM_NAME_KNOB>
			<ANIM_NAME_PUSH></ANIM_NAME_PUSH>
			<ANIM_NAME_PUSHPULL></ANIM_NAME_PUSHPULL>
		</AddParams>
		<AddOptions>
			<PUSH></PUSH>
			<AIRBUS_TYPE></AIRBUS_TYPE>
		</AddOptions>
	</EditableTemplateParameters>

	<Component ID="#NODE_ID#" Node="#NODE_ID#">
		<Switch Param="TYPE">
			<Case Check="PUSH">
				<UseTemplate Name="GT_Knob_Infinite_Push">
					<CLOCKWISE_CODE>(&gt;K:HEADING_BUG_INC)</CLOCKWISE_CODE>
					<ANTICLOCKWISE_CODE>(&gt;K:HEADING_BUG_DEC)</ANTICLOCKWISE_CODE>
					<LEFT_SINGLE_CODE>(A:HEADING INDICATOR, degrees) (&gt;K:HEADING_BUG_SET)</LEFT_SINGLE_CODE>
					<ANIMTIP_0>TT:COCKPIT.TOOLTIPS.AUTOPILOT_PANEL_HDG_TUNING_LEFT</ANIMTIP_0>
					<ANIMTIP_0_ON_CURSOR>TurnLeft</ANIMTIP_0_ON_CURSOR>
					<ANIMTIP_1>TT:COCKPIT.TOOLTIPS.AUTOPILOT_PANEL_HDG_TUNING_RIGHT</ANIMTIP_1>
					<ANIMTIP_1_ON_CURSOR>TurnRight</ANIMTIP_1_ON_CURSOR>
					<ANIMTIP_3>TT:COCKPIT.TOOLTIPS.AUTOPILOT_PANEL_HDG_PUSH</ANIMTIP_3>
					<ANIMTIP_3_ON_CURSOR>Hand</ANIMTIP_3_ON_CURSOR>
				</UseTemplate>
			</Case>
			<Case Value="AIRBUS">
				<UseTemplate Name="GT_Knob_Infinite_PushPull">
					<CLOCKWISE_CODE>
						1 (&gt;K:HEADING_BUG_INC)
						(&gt;H:A320_Neo_CDU_AP_INC_HEADING)
					</CLOCKWISE_CODE>
					<ANTICLOCKWISE_CODE>
						1 (&gt;K:HEADING_BUG_DEC)
						(&gt;H:A320_Neo_CDU_AP_DEC_HEADING)
					</ANTICLOCKWISE_CODE>
					<PULL_CODE>
						(&gt;H:A320_Neo_CDU_MODE_SELECTED_HEADING)
					</PULL_CODE>
					<PUSH_CODE>
						(&gt;H:A320_Neo_CDU_MODE_MANAGED_HEADING)
					</PUSH_CODE>
					<CENTER_RADIUS>0</CENTER_RADIUS>
					<WWISE_EVENT_1>autopilot_knob_push_button_on</WWISE_EVENT_1>
					<WWISE_EVENT_2>autopilot_knob_push_button_off</WWISE_EVENT_2>
				</UseTemplate>
			</Case>
			<Case Value="B747">
				<UseTemplate Name="GT_Knob_Infinite_Push">
					<CLOCKWISE_CODE>1 (&gt;K:HEADING_BUG_INC)</CLOCKWISE_CODE>
					<ANTICLOCKWISE_CODE>1 (&gt;K:HEADING_BUG_DEC)</ANTICLOCKWISE_CODE>
					<LEFT_SINGLE_CODE>
						(&gt;H:B747_8_FMC_1_AP_HEADING_SEL)
					</LEFT_SINGLE_CODE>
				</UseTemplate>
			</Case>
			<Case Value="AS01B">
				<UseTemplate Name="GT_Knob_Infinite_Push">
					<CLOCKWISE_CODE>(&gt;K:HEADING_BUG_INC)</CLOCKWISE_CODE>
					<ANTICLOCKWISE_CODE>(&gt;K:HEADING_BUG_DEC)</ANTICLOCKWISE_CODE>
					<LEFT_SINGLE_CODE>
						(&gt;H:AS01B_FMC_1_AP_HEADING_SEL)
					</LEFT_SINGLE_CODE>
				</UseTemplate>
			</Case>
			<Default>
				<UseTemplate Name="GT_Knob_Infinite">
					<ANIM_NAME>#ANIM_NAME_KNOB#</ANIM_NAME>
					<CLOCKWISE_CODE>(&gt;K:HEADING_BUG_INC)</CLOCKWISE_CODE>
					<ANTICLOCKWISE_CODE>(&gt;K:HEADING_BUG_DEC)</ANTICLOCKWISE_CODE>
					<!-- <WWISE_EVENT>autopilot_heading_knob</WWISE_EVENT> -->
					<!-- <COUNT>36</COUNT> -->
				</UseTemplate>
			</Default>
		</Switch>
	</Component>
</Template>

<Template Name="AUTOPILOT_Push_FlightDirector_SubTemplate">
	<DefaultTemplateParameters>
		<DEFAULT_NAME>FlightDirector</DEFAULT_NAME>
		<HELPID>HELPID_AUTOPILOT_FLIGHT_DIRECTOR_SWITCH</HELPID>
		<TOOLTIPID>%((A:AUTOPILOT FLIGHT DIRECTOR ACTIVE:#ID#, bool))%{if}TT:COCKPIT.TOOLTIPS.AUTOPILOT_PANEL_FD_ON%{else}TT:COCKPIT.TOOLTIPS.AUTOPILOT_PANEL_FD_OFF%{end}</TOOLTIPID>
		<Condition Check="TOGGLEABLE">
			<True>
				<ANIM_CODE>(A:AUTOPILOT FLIGHT DIRECTOR ACTIVE:#ID#, Bool) 100 *</ANIM_CODE>
			</True>
		</Condition>
	</DefaultTemplateParameters>
	<EditableTemplateParameters>
		<AddParams>
			<ID></ID>
		</AddParams>
		<AddOptions>
			<TOGGLEABLE/>
		</AddOptions>
	</EditableTemplateParameters>
	
	<UseTemplate Name="AUTOPILOT_Push_Template">
		<LEFT_SINGLE_CODE>#ID# (&gt;K:TOGGLE_FLIGHT_DIRECTOR)</LEFT_SINGLE_CODE>
		<EMISSIVE_SIMVAR_ACTIVE>AUTOPILOT FLIGHT DIRECTOR ACTIVE:#ID#</EMISSIVE_SIMVAR_ACTIVE>
	</UseTemplate>
</Template>

<Template Name="AUTOPILOT_Knob_Altitude_SubTemplate">
	<DefaultTemplateParameters>
		<HELPID>HELPID_AUTOPILOT_ALTITUDE_INDICATOR</HELPID>

		<Switch Param="TYPE">
			<Case Check="PUSH">
				<ANIM_NAME_KNOB>AUTOPILOT_Knob_Altitude#SUFFIX_ID#</ANIM_NAME_KNOB>
				<ANIM_NAME_PUSH>AUTOPILOT_Knob_Altitude_Push#SUFFIX_ID#</ANIM_NAME_PUSH>
				<ANIMREF_ID>-1</ANIMREF_ID>
				<ANIMTIP_0>TT:COCKPIT.TOOLTIPS.AUTOPILOT_PANEL_ALT_DECREASE</ANIMTIP_0>
				<ANIMTIP_0_ON_CURSOR>TurnLeft</ANIMTIP_0_ON_CURSOR>
				<ANIMTIP_1>TT:COCKPIT.TOOLTIPS.AUTOPILOT_PANEL_ALT_INCREASE</ANIMTIP_1>
				<ANIMTIP_1_ON_CURSOR>TurnRight</ANIMTIP_1_ON_CURSOR>
				<ANIMTIP_2>TT:COCKPIT.TOOLTIPS.AUTOPILOT_KNOB_ALTITUDE</ANIMTIP_2>
				<ANIMTIP_2_ON_CURSOR>Hand</ANIMTIP_2_ON_CURSOR>
				<INCREMENTATION_INDEX>0</INCREMENTATION_INDEX>
			</Case>
			<Case Value="AIRBUS">
				<ANIM_NAME>AUTOPILOT_Knob_Altitude#SUFFIX_ID#</ANIM_NAME>
				<ANIM_NAME_PUSHPULL>AUTOPILOT_Knob_Altitude_PushPull#SUFFIX_ID#</ANIM_NAME_PUSHPULL>
				<INCREMENTATION_INDEX>1</INCREMENTATION_INDEX>
			</Case>
			<Case Value="B747">
				<INCREMENTATION_INDEX>1</INCREMENTATION_INDEX>
			</Case>
			<Default>
				<ANIM_NAME>AUTOPILOT_Knob_Altitude#SUFFIX_ID#</ANIM_NAME>
				<ANIMREF_ID>-1</ANIMREF_ID>
				<ANIMTIP_0>TT:COCKPIT.TOOLTIPS.AUTOPILOT_PANEL_ALT_DECREASE</ANIMTIP_0>
				<ANIMTIP_0_ON_CURSOR>TurnLeft</ANIMTIP_0_ON_CURSOR>
				<ANIMTIP_1>TT:COCKPIT.TOOLTIPS.AUTOPILOT_PANEL_ALT_INCREASE</ANIMTIP_1>
				<ANIMTIP_1_ON_CURSOR>TurnRight</ANIMTIP_1_ON_CURSOR>
				<INCREMENTATION_INDEX>0</INCREMENTATION_INDEX>
			</Default>
		</Switch>
		<PART_ID>AUTOPILOT_Knob_Altitude</PART_ID>
		<Condition Check="INCREMENT">
			<True>
				<NODE_ID>AUTOPILOT_Knob_Altitude_#INCREMENT##SUFFIX_ID#</NODE_ID>
				<ANIM_NAME>AUTOPILOT_Knob_Altitude_#INCREMENT##SUFFIX_ID#</ANIM_NAME>
				<WWISE_EVENT>autopilot_altitude_#INCREMENT#_knob</WWISE_EVENT>
				<COUNT>36</COUNT>
			</True>
			<False>
				<Condition Check="TYPE" Match="AIRBUS">
					<INCREMENT>(L:XMLVAR_Autopilot_Altitude_Increment)</INCREMENT>
				</Condition>
				<NODE_ID>AUTOPILOT_Knob_Altitude#SUFFIX_ID#</NODE_ID>
				<WWISE_EVENT>autopilot_altitude_knob</WWISE_EVENT>
				<COUNT>36</COUNT>
			</False>
		</Condition>

	</DefaultTemplateParameters>
	<OverrideTemplateParameters>
		<Switch Param="TYPE">
			<Case Check="PUSH">
				<TEMPLATE>GT_Knob_Infinite_Push</TEMPLATE>
			</Case>
			<Case Value="AIRBUS">
				<TEMPLATE>GT_Knob_Infinite_PushPull</TEMPLATE>
			</Case>
			<Case Value="B747">
				<TEMPLATE>GT_Knob_Infinite_Push</TEMPLATE>
			</Case>
			<Default>
				<TEMPLATE>GT_Knob_Infinite</TEMPLATE>
			</Default>
		</Switch>
	</OverrideTemplateParameters>
	<EditableTemplateParameters>
		<AddParams>
			<ANIM_NAME_KNOB></ANIM_NAME_KNOB>
			<ANIM_NAME_PUSH></ANIM_NAME_PUSH>
			<ANIM_NAME_PUSHPULL></ANIM_NAME_PUSHPULL>
			<INCREMENT></INCREMENT>
		</AddParams>
		<AddOptions>
			<EMISSIVE_KNOB></EMISSIVE_KNOB>
			<PUSH></PUSH>
			<AIRBUS_TYPE></AIRBUS_TYPE>
		</AddOptions>
	</EditableTemplateParameters>
	
	<Component ID="#NODE_ID#" Node="#NODE_ID#">
		<UseTemplate Name="#TEMPLATE#">
			<Condition Check="INCREMENT">
				<True>
					<CLOCKWISE_CODE>
						(A:AUTOPILOT ALTITUDE LOCK VAR, feet) #INCREMENT# + (&gt;K:AP_ALT_VAR_SET_ENGLISH) (&gt;H:AP_KNOB_Up)
					</CLOCKWISE_CODE>
					<ANTICLOCKWISE_CODE>
						(A:AUTOPILOT ALTITUDE LOCK VAR, feet) #INCREMENT# - (&gt;K:AP_ALT_VAR_SET_ENGLISH) (&gt;H:AP_KNOB_Down)
					</ANTICLOCKWISE_CODE>
				</True>
				<False>
					<CLOCKWISE_CODE>
						#INCREMENTATION_INDEX# 0 (&gt;K:AP_ALT_VAR_INC)
					</CLOCKWISE_CODE>
					<ANTICLOCKWISE_CODE>
						#INCREMENTATION_INDEX# 0 (&gt;K:AP_ALT_VAR_DEC)
					</ANTICLOCKWISE_CODE>
				</False>
			</Condition>
			<Switch Param="TYPE">
				<Case Check="PUSH">
					<LEFT_SINGLE_CODE>(A:INDICATED ALTITUDE, feet) (&gt;K:AP_ALT_VAR_SET_ENGLISH) (&gt;H:AP_KNOB)</LEFT_SINGLE_CODE>
					<WWISE_EVENT_1>autopilot_knob_push_button_on</WWISE_EVENT_1>
					<NORMALIZED_TIME_1>0.1</NORMALIZED_TIME_1>
					<WWISE_EVENT_2>autopilot_knob_push_button_off</WWISE_EVENT_2>
					<NORMALIZED_TIME_2>0.3</NORMALIZED_TIME_2>
				</Case>
				<Case Value="AIRBUS">
					<PUSH_CODE>
						(&gt;H:A320_Neo_CDU_MODE_MANAGED_ALTITUDE)
					</PUSH_CODE> <!-- TODO - Change - Should be managed climb/descent -->
					<PULL_CODE>
						(&gt;H:A320_Neo_CDU_MODE_SELECTED_ALTITUDE)
					</PULL_CODE>
					<CLOCKWISE_CODE>
						3 (A:AUTOPILOT ALTITUDE LOCK VAR:3, feet) #INCREMENT# + (&gt;K:2:AP_ALT_VAR_SET_ENGLISH) (&gt;H:AP_KNOB_Up)
						(&gt;H:A320_Neo_CDU_AP_INC_ALT)
					</CLOCKWISE_CODE>
					<ANTICLOCKWISE_CODE>
						3 (A:AUTOPILOT ALTITUDE LOCK VAR:3, feet) #INCREMENT# - (&gt;K:2:AP_ALT_VAR_SET_ENGLISH) (&gt;H:AP_KNOB_Down)
						(&gt;H:A320_Neo_CDU_AP_DEC_ALT)
					</ANTICLOCKWISE_CODE>
					<CENTER_RADIUS>0</CENTER_RADIUS>
					<WWISE_EVENT_1>autopilot_knob_push_button_on</WWISE_EVENT_1>
					<WWISE_EVENT_2>autopilot_knob_push_button_off</WWISE_EVENT_2>
				</Case>
				<Case Value="B747">
					<LEFT_SINGLE_CODE>(&gt;H:B747_8_FMC_1_AP_ALT_INTERVENTION)</LEFT_SINGLE_CODE>
					<CLOCKWISE_CODE>
						3 0 (&gt;K:AP_ALT_VAR_INC) (&gt;H:AP_KNOB_Up)
					</CLOCKWISE_CODE>
					<ANTICLOCKWISE_CODE>
						3 0 (&gt;K:AP_ALT_VAR_DEC) (&gt;H:AP_KNOB_Down)
					</ANTICLOCKWISE_CODE>
					<WWISE_EVENT_1>autopilot_knob_push_button_on</WWISE_EVENT_1>
					<NORMALIZED_TIME_1>0.1</NORMALIZED_TIME_1>
					<WWISE_EVENT_2>autopilot_knob_push_button_off</WWISE_EVENT_2>
					<NORMALIZED_TIME_2>0.3</NORMALIZED_TIME_2>
				</Case>
				<Case Value="AS01B">
					<LEFT_SINGLE_CODE>(&gt;H:AS01B_FMC_1_AP_ALT_INTERVENTION)</LEFT_SINGLE_CODE>
					<CLOCKWISE_CODE>
						3 (A:AUTOPILOT ALTITUDE LOCK VAR:3, feet) #INCREMENT# + (&gt;K:2:AP_ALT_VAR_SET_ENGLISH) (&gt;H:AP_KNOB_Up)
					</CLOCKWISE_CODE>
					<ANTICLOCKWISE_CODE>
						3 (A:AUTOPILOT ALTITUDE LOCK VAR:3, feet) #INCREMENT# - (&gt;K:2:AP_ALT_VAR_SET_ENGLISH) (&gt;H:AP_KNOB_Down)
					</ANTICLOCKWISE_CODE>
					<WWISE_EVENT_1>autopilot_knob_push_button_on</WWISE_EVENT_1>
					<NORMALIZED_TIME_1>0.1</NORMALIZED_TIME_1>
					<WWISE_EVENT_2>autopilot_knob_push_button_off</WWISE_EVENT_2>
					<NORMALIZED_TIME_2>0.3</NORMALIZED_TIME_2>
				</Case>
			</Switch>
		</UseTemplate>
		<Condition Check="EMISSIVE_KNOB">
			<UseTemplate Name="GT_Emissive_Gauge"/>
		</Condition>
	</Component>

</Template>
<Template Name="AUTOPILOT_Knob_Course_SubTemplate">
	<DefaultTemplateParameters>
		<ANIM_NAME>AUTOPILOT_Knob_Course_#ID##SUFFIX_ID#</ANIM_NAME>
		<ANIM_NAME_PUSH>AUTOPILOT_Knob_Course_#ID#_push#SUFFIX_ID#</ANIM_NAME_PUSH>
		<NODE_ID>AUTOPILOT_Knob_Course_#ID##SUFFIX_ID#</NODE_ID>
		<PART_ID>AUTOPILOT_Knob_Course</PART_ID>
		<WWISE_EVENT>autopilot_knob_turn</WWISE_EVENT>
		<COUNT>36</COUNT>
		<Condition Valid="DYNAMIC_VOR_ID">
			<VOR_ID_1_SELECTED_CHECK>1</VOR_ID_1_SELECTED_CHECK>
			<ID_1>#ID#</ID_1>
			<ID_2>#ID#</ID_2>
		</Condition>
	</DefaultTemplateParameters>
	<Component ID="#NODE_ID#" Node="#NODE_ID#">
		<Switch>
			<Case Valid="DYNAMIC_VOR_ID">
				<UseTemplate Name="GT_Knob_Infinite_Push">
					<ANIM_NAME_KNOB>#ANIM_NAME#</ANIM_NAME_KNOB>
					<ANTICLOCKWISE_CODE>#VOR_ID_1_SELECTED_CHECK# if{ (&gt;K:VOR#ID_1#_OBI_DEC) } els{ (&gt;K:VOR#ID_2#_OBI_DEC) }</ANTICLOCKWISE_CODE>
					<CLOCKWISE_CODE>#VOR_ID_1_SELECTED_CHECK# if{ (&gt;K:VOR#ID_1#_OBI_INC) } els{ (&gt;K:VOR#ID_2#_OBI_INC) }</CLOCKWISE_CODE>
					<LEFT_SINGLE_CODE>
						#VOR_ID_1_SELECTED_CHECK# if{ 
							(A:HEADING INDICATOR, degrees) (&gt;K:VOR#ID_1#_SET) 
						} els{ 
							(A:HEADING INDICATOR, degrees) (&gt;K:VOR#ID_2#_SET)
						}
					</LEFT_SINGLE_CODE>
					<WWISE_EVENT_1>autopilot_knob_push_button_on</WWISE_EVENT_1>
					<WWISE_EVENT_2>autopilot_knob_push_button_off</WWISE_EVENT_2>
				</UseTemplate>
			</Case>
			<Default>
				<Switch>
					<Case Check="PUSH">
						<UseTemplate Name="GT_Knob_Infinite_Push">
							<ANIM_NAME_KNOB>#ANIM_NAME#</ANIM_NAME_KNOB>
							<ANTICLOCKWISE_CODE>(&gt;K:VOR#ID#_OBI_DEC)</ANTICLOCKWISE_CODE>
							<CLOCKWISE_CODE>(&gt;K:VOR#ID#_OBI_INC)</CLOCKWISE_CODE>
							<LEFT_SINGLE_CODE>(A:HEADING INDICATOR, degrees) (&gt;K:VOR#ID#_SET)</LEFT_SINGLE_CODE>
							<WWISE_EVENT_1>autopilot_knob_push_button_on</WWISE_EVENT_1>
							<WWISE_EVENT_2>autopilot_knob_push_button_off</WWISE_EVENT_2>
						</UseTemplate>
					</Case>
					<Default>
						<UseTemplate Name="GT_Knob_Infinite">
							<ANTICLOCKWISE_CODE>(&gt;K:VOR#ID#_OBI_DEC)</ANTICLOCKWISE_CODE>
							<CLOCKWISE_CODE>(&gt;K:VOR#ID#_OBI_INC)</CLOCKWISE_CODE>
						</UseTemplate>
					</Default>
				</Switch>
			</Default>
		</Switch>
	</Component>
</Template>

<Template Name="AUTOPILOT_Knob_Baro_SubTemplate1">
	<DefaultTemplateParameters>
		<NODE_ID>AUTOPILOT_Knob_Baro_#ID##SUFFIX_ID#</NODE_ID>
		<ANIM_NAME>AUTOPILOT_Knob_Baro_#ID##SUFFIX_ID#</ANIM_NAME>
		<PART_ID>AUTOPILOT_Knob_Baro</PART_ID>
		<ANIMREF_ID>-1</ANIMREF_ID>
		<ANIMTIP_0>TT:COCKPIT.TOOLTIPS.AUTOPILOT_PANEL_BARO_KNOB_INCREASE</ANIMTIP_0>
		<ANIMTIP_0_ON_CURSOR>TurnRight</ANIMTIP_0_ON_CURSOR>
		<ANIMTIP_1>TT:COCKPIT.TOOLTIPS.AUTOPILOT_PANEL_BARO_KNOB_DECREASE</ANIMTIP_1>
		<ANIMTIP_1_ON_CURSOR>TurnLeft</ANIMTIP_1_ON_CURSOR>
		
	</DefaultTemplateParameters>
	<Component ID="#NODE_ID#" Node="#NODE_ID#">
		<UseTemplate Name="AUTOPILOT_Knob_Baro_SubTemplate2">
		</UseTemplate>
	</Component>
</Template>
<Template Name="AUTOPILOT_Knob_Baro_SubTemplate2">
	<DefaultTemplateParameters>
		<BARO_ID>#ID#</BARO_ID>
		<ANIM_NAME_KNOB>#ANIM_NAME#</ANIM_NAME_KNOB>
		<ANIM_NAME_PUSH>AUTOPILOT_Knob_Baro_#ID#_push#SUFFIX_ID#</ANIM_NAME_PUSH>
		<Switch Param="AIRLINER_TYPE">
			<Case Value="A320">
				<MODE_BARO>0</MODE_BARO>
				<MODE_QNH>1</MODE_QNH>
				<MODE_STD>2</MODE_STD>
				<ANIM_NAME_PUSHPULL>AUTOPILOT_Knob_Baro_#ID#_pushpull#SUFFIX_ID#</ANIM_NAME_PUSHPULL>
			</Case>
		</Switch>
		<Condition Valid="USE_PUSH_STD">
			<PUSH/>
		</Condition>
	</DefaultTemplateParameters>

	<Switch>
		<Case Check="PUSH">
			<UseTemplate Name="GT_Knob_Infinite_Push">
				<ANTICLOCKWISE_CODE>#BARO_ID# (&gt;K:KOHLSMAN_DEC) (&gt;H:AP_BARO_Down)</ANTICLOCKWISE_CODE>
				<CLOCKWISE_CODE>#BARO_ID# (&gt;K:KOHLSMAN_INC) (&gt;H:AP_BARO_Up)</CLOCKWISE_CODE>
				<LEFT_SINGLE_CODE>#BARO_ID# (&gt;K:BAROMETRIC)</LEFT_SINGLE_CODE>
				<WWISE_EVENT>autopilot_knob_turn</WWISE_EVENT>
				<COUNT>36</COUNT>
				<WWISE_EVENT_1>autopilot_knob_push_button_on</WWISE_EVENT_1>
				<WWISE_EVENT_2>autopilot_knob_push_button_off</WWISE_EVENT_2>
			</UseTemplate>
		</Case>
		<Case Check="AIRLINER_TYPE">
			<Switch Param="AIRLINER_TYPE">
				<Case Value="A320">
					<UseTemplate Name="GT_Knob_Infinite_PushPull">
						<ANTICLOCKWISE_CODE>
							#BARO_ID# (&gt;K:KOHLSMAN_DEC)
						</ANTICLOCKWISE_CODE>
						<CLOCKWISE_CODE>
							#BARO_ID# (&gt;K:KOHLSMAN_INC)
						</CLOCKWISE_CODE>
						<CLOCKWISE_CONDITION>(L:XMLVAR_Baro#BARO_ID#_Mode) #MODE_STD# !=</CLOCKWISE_CONDITION>
						<ANTICLOCKWISE_CONDITION>(L:XMLVAR_Baro#BARO_ID#_Mode) #MODE_STD# !=</ANTICLOCKWISE_CONDITION>
						<PULL_CODE>
							#MODE_STD# (&gt;L:XMLVAR_Baro#BARO_ID#_Mode)
						</PULL_CODE>
						<PUSH_CODE>
							(L:XMLVAR_Baro#BARO_ID#_Mode) #MODE_STD# == if{ #MODE_BARO# (&gt;L:XMLVAR_Baro#BARO_ID#_Mode) } els{ (L:XMLVAR_Baro#BARO_ID#_Mode) ! (&gt;L:XMLVAR_Baro#BARO_ID#_Mode) }
						</PUSH_CODE>
						<CENTER_RADIUS>0</CENTER_RADIUS>
						<OVERRIDE_PUSH_ANIM_CODE>0 100 (L:XMLVAR_Baro#BARO_ID#_Mode) #MODE_STD# == ? 50 (O:_PushAnimVar) ?</OVERRIDE_PUSH_ANIM_CODE>
						<WWISE_EVENT>autopilot_selector_knob</WWISE_EVENT>
						<COUNT>36</COUNT>
						<WWISE_EVENT_1>autopilot_knob_push_button_on</WWISE_EVENT_1>
						<WWISE_EVENT_2>autopilot_knob_push_button_off</WWISE_EVENT_2>
					</UseTemplate>
				</Case>
				<Default>
					<UseTemplate Name="GT_Knob_Infinite_Push">
						<ANTICLOCKWISE_CODE>
						(L:XMLVAR_Baro#BARO_ID#_ForcedToSTD) ! if{
							#BARO_ID# (&gt;K:KOHLSMAN_DEC)
						}
						</ANTICLOCKWISE_CODE>
						<CLOCKWISE_CODE>
						(L:XMLVAR_Baro#BARO_ID#_ForcedToSTD) ! if{
							#BARO_ID# (&gt;K:KOHLSMAN_INC)
						}
						</CLOCKWISE_CODE>
						<LEFT_SINGLE_CODE>
							(L:XMLVAR_Baro#BARO_ID#_ForcedToSTD) ! (&gt;L:XMLVAR_Baro#BARO_ID#_ForcedToSTD)
							(L:XMLVAR_Baro#BARO_ID#_ForcedToSTD) if{
								(A:KOHLSMAN SETTING MB:1, mbars) 16 * (&gt;L:XMLVAR_Baro#BARO_ID#_SavedPressure)
								#BARO_ID# (&gt;K:BAROMETRIC_STD_PRESSURE)
							} els{
								#BARO_ID# (L:XMLVAR_Baro#BARO_ID#_SavedPressure) (&gt;K:2:KOHLSMAN_SET)
							}
						</LEFT_SINGLE_CODE>
						<WWISE_EVENT>autopilot_selector_knob</WWISE_EVENT>
						<COUNT>36</COUNT>
						<WWISE_EVENT_1>autopilot_knob_push_button_on</WWISE_EVENT_1>
						<WWISE_EVENT_2>autopilot_knob_push_button_off</WWISE_EVENT_2>
					</UseTemplate>
				</Default>
			</Switch>
		</Case>
		<Default>
			<UseTemplate Name="GT_Knob_Infinite">
				<ANTICLOCKWISE_CODE>#BARO_ID# (&gt;K:KOHLSMAN_DEC)</ANTICLOCKWISE_CODE>
				<CLOCKWISE_CODE>#BARO_ID# (&gt;K:KOHLSMAN_INC)</CLOCKWISE_CODE>
				<WWISE_EVENT>autopilot_knob</WWISE_EVENT>
				<COUNT>36</COUNT>
			</UseTemplate>
		</Default>
	</Switch>
</Template>

<Template Name="AUTOPILOT_HUD_SubTemplate">
	<DefaultTemplateParameters>
		<SWITCH_POSITION_TYPE>L</SWITCH_POSITION_TYPE>
		<SWITCH_POSITION_VAR>XMLVAR_HUD_#ID#_Down</SWITCH_POSITION_VAR>
	</DefaultTemplateParameters>

	<Component ID="#NODE_ID#" Node="#NODE_ID#">
		<UseTemplate Name="GT_Switch_Code">
			<ANIM_CODE>(#SWITCH_POSITION_TYPE#:#SWITCH_POSITION_VAR#) 100 *</ANIM_CODE>
			<LEFT_SINGLE_CODE>(#SWITCH_POSITION_TYPE#:#SWITCH_POSITION_VAR#) ! (&gt;#SWITCH_POSITION_TYPE#:#SWITCH_POSITION_VAR#)</LEFT_SINGLE_CODE>
		</UseTemplate>
	</Component>
</Template>