{
  "content": [
    {
      "path": "CheckpointsLibrary/airliner/CheckpointLibrary.xml",
      "size": 200,
      "date": 132012849160000000
    },
    {
      "path": "CheckpointsLibrary/Asobo_DefaultCheckpointLibrary.xml",
      "size": 497318,
      "date": 132409421590000000
    },
    {
      "path": "CheckpointsLibrary/DefaultCheckpointLibrary.xml",
      "size": 507351,
      "date": 132379972250000000
    },
    {
      "path": "CheckpointsLibrary/propeller/CheckpointLibrary.xml",
      "size": 200,
      "date": 132012849000000000
    },
    {
      "path": "de-DE.locPak",
      "size": 2117,
      "date": 132408507368757316
    },
    {
      "path": "en-US.locPak",
      "size": 2065,
      "date": 132408507368737321
    },
    {
      "path": "es-ES.locPak",
      "size": 2220,
      "date": 132408507368707329
    },
    {
      "path": "FlightStatesLibrary/airliner/approach.FLT",
      "size": 2745,
      "date": 132327299580000000
    },
    {
      "path": "FlightStatesLibrary/airliner/apron.FLT",
      "size": 2433,
      "date": 132267670310000000
    },
    {
      "path": "FlightStatesLibrary/airliner/climb.FLT",
      "size": 2717,
      "date": 132261606340000000
    },
    {
      "path": "FlightStatesLibrary/airliner/cruise.FLT",
      "size": 2718,
      "date": 132327300480000000
    },
    {
      "path": "FlightStatesLibrary/airliner/final.FLT",
      "size": 3083,
      "date": 132261548810000000
    },
    {
      "path": "FlightStatesLibrary/airliner/hangar.flt",
      "size": 3760,
      "date": 132261548810000000
    },
    {
      "path": "FlightStatesLibrary/airliner/runway.FLT",
      "size": 3015,
      "date": 132267669800000000
    },
    {
      "path": "FlightStatesLibrary/airliner/taxi.FLT",
      "size": 2768,
      "date": 132267670180000000
    },
    {
      "path": "FlightStatesLibrary/glider/approach.FLT",
      "size": 1689,
      "date": 132327300610000000
    },
    {
      "path": "FlightStatesLibrary/glider/apron.FLT",
      "size": 2833,
      "date": 132267670450000000
    },
    {
      "path": "FlightStatesLibrary/glider/climb.FLT",
      "size": 1729,
      "date": 132261548810000000
    },
    {
      "path": "FlightStatesLibrary/glider/cruise.FLT",
      "size": 1728,
      "date": 132327300610000000
    },
    {
      "path": "FlightStatesLibrary/glider/final.FLT",
      "size": 1694,
      "date": 132261548810000000
    },
    {
      "path": "FlightStatesLibrary/glider/hangar.FLT",
      "size": 2706,
      "date": 132259807320000000
    },
    {
      "path": "FlightStatesLibrary/glider/runway.FLT",
      "size": 1817,
      "date": 132267669930000000
    },
    {
      "path": "FlightStatesLibrary/glider/taxi.FLT",
      "size": 1873,
      "date": 132267670070000000
    },
    {
      "path": "FlightStatesLibrary/jet/approach.FLT",
      "size": 1982,
      "date": 132327300610000000
    },
    {
      "path": "FlightStatesLibrary/jet/apron.FLT",
      "size": 2704,
      "date": 132259806610000000
    },
    {
      "path": "FlightStatesLibrary/jet/climb.FLT",
      "size": 2057,
      "date": 132261548810000000
    },
    {
      "path": "FlightStatesLibrary/jet/cruise.FLT",
      "size": 2056,
      "date": 132327300610000000
    },
    {
      "path": "FlightStatesLibrary/jet/final.FLT",
      "size": 1987,
      "date": 132261548810000000
    },
    {
      "path": "FlightStatesLibrary/jet/hangar.FLT",
      "size": 2708,
      "date": 132259806820000000
    },
    {
      "path": "FlightStatesLibrary/jet/runway.FLT",
      "size": 1979,
      "date": 132261548820000000
    },
    {
      "path": "FlightStatesLibrary/jet/taxi.FLT",
      "size": 2045,
      "date": 132261548820000000
    },
    {
      "path": "FlightStatesLibrary/propeller/approach.FLT",
      "size": 2639,
      "date": 132327300610000000
    },
    {
      "path": "FlightStatesLibrary/propeller/apron.FLT",
      "size": 2847,
      "date": 132267670540000000
    },
    {
      "path": "FlightStatesLibrary/propeller/climb.FLT",
      "size": 2641,
      "date": 132273543940000000
    },
    {
      "path": "FlightStatesLibrary/propeller/cruise.FLT",
      "size": 2640,
      "date": 132327300610000000
    },
    {
      "path": "FlightStatesLibrary/propeller/final.FLT",
      "size": 1919,
      "date": 132273544250000000
    },
    {
      "path": "FlightStatesLibrary/propeller/hangar.flt",
      "size": 2578,
      "date": 132259804170000000
    },
    {
      "path": "FlightStatesLibrary/propeller/runway.FLT",
      "size": 2076,
      "date": 132273545350000000
    },
    {
      "path": "FlightStatesLibrary/propeller/taxi.FLT",
      "size": 2128,
      "date": 132273545490000000
    },
    {
      "path": "FlightStatesLibrary/rotorcraft/approach.FLT",
      "size": 1934,
      "date": 132327300610000000
    },
    {
      "path": "FlightStatesLibrary/rotorcraft/apron.FLT",
      "size": 2835,
      "date": 132267670760000000
    },
    {
      "path": "FlightStatesLibrary/rotorcraft/climb.FLT",
      "size": 1733,
      "date": 132261548820000000
    },
    {
      "path": "FlightStatesLibrary/rotorcraft/cruise.FLT",
      "size": 1732,
      "date": 132327300610000000
    },
    {
      "path": "FlightStatesLibrary/rotorcraft/final.FLT",
      "size": 1692,
      "date": 132261548820000000
    },
    {
      "path": "FlightStatesLibrary/rotorcraft/hangar.FLT",
      "size": 2706,
      "date": 132259806100000000
    },
    {
      "path": "FlightStatesLibrary/rotorcraft/runway.FLT",
      "size": 1817,
      "date": 132267670950000000
    },
    {
      "path": "FlightStatesLibrary/rotorcraft/taxi.FLT",
      "size": 1877,
      "date": 132267671110000000
    },
    {
      "path": "FlightStatesLibrary/turbo/approach.FLT",
      "size": 2034,
      "date": 132327300610000000
    },
    {
      "path": "FlightStatesLibrary/turbo/apron.FLT",
      "size": 2831,
      "date": 132267671390000000
    },
    {
      "path": "FlightStatesLibrary/turbo/climb.FLT",
      "size": 2037,
      "date": 132261548820000000
    },
    {
      "path": "FlightStatesLibrary/turbo/cruise.FLT",
      "size": 2036,
      "date": 132327300610000000
    },
    {
      "path": "FlightStatesLibrary/turbo/final.FLT",
      "size": 1967,
      "date": 132261548820000000
    },
    {
      "path": "FlightStatesLibrary/turbo/hangar.FLT",
      "size": 2706,
      "date": 132259805190000000
    },
    {
      "path": "FlightStatesLibrary/turbo/runway.FLT",
      "size": 2113,
      "date": 132267671470000000
    },
    {
      "path": "FlightStatesLibrary/turbo/taxi.FLT",
      "size": 2150,
      "date": 132267671550000000
    },
    {
      "path": "fr-FR.locPak",
      "size": 2169,
      "date": 132408507368767321
    },
    {
      "path": "it-IT.locPak",
      "size": 2234,
      "date": 132408507368777529
    },
    {
      "path": "ModelBehaviorDefs/Airliner/Airbus.xml",
      "size": 37914,
      "date": 132294428520000000
    },
    {
      "path": "ModelBehaviorDefs/Airliner/AirlinerCommon.xml",
      "size": 43041,
      "date": 132353915890000000
    },
    {
      "path": "ModelBehaviorDefs/Airliner/AS02A.xml",
      "size": 5577,
      "date": 132346091370000000
    },
    {
      "path": "ModelBehaviorDefs/Airliner/Boeing.xml",
      "size": 41878,
      "date": 132364528090000000
    },
    {
      "path": "ModelBehaviorDefs/Airliner/FMC.xml",
      "size": 59885,
      "date": 132366870830000000
    },
    {
      "path": "ModelBehaviorDefs/Airliner/GlassCockpit.xml",
      "size": 947,
      "date": 132186453460000000
    },
    {
      "path": "ModelBehaviorDefs/Asobo/Airliner/Airbus.xml",
      "size": 38658,
      "date": 132395483450000000
    },
    {
      "path": "ModelBehaviorDefs/Asobo/Airliner/AirlinerCommon.xml",
      "size": 43677,
      "date": 132397245600000000
    },
    {
      "path": "ModelBehaviorDefs/Asobo/Airliner/AS02A.xml",
      "size": 5661,
      "date": 132395409590000000
    },
    {
      "path": "ModelBehaviorDefs/Asobo/Airliner/Boeing.xml",
      "size": 43110,
      "date": 132410908160000000
    },
    {
      "path": "ModelBehaviorDefs/Asobo/Airliner/FMC.xml",
      "size": 62826,
      "date": 132411772660000000
    },
    {
      "path": "ModelBehaviorDefs/Asobo/Airliner/GlassCockpit.xml",
      "size": 983,
      "date": 132395419440000000
    },
    {
      "path": "ModelBehaviorDefs/Asobo/Common.xml",
      "size": 67,
      "date": 132186509410000000
    },
    {
      "path": "ModelBehaviorDefs/Asobo/Common/Aircraft.xml",
      "size": 3349,
      "date": 132395409590000000
    },
    {
      "path": "ModelBehaviorDefs/Asobo/Common/Autopilot.xml",
      "size": 55944,
      "date": 132409222530000000
    },
    {
      "path": "ModelBehaviorDefs/Asobo/Common/Deice.xml",
      "size": 9954,
      "date": 132395409590000000
    },
    {
      "path": "ModelBehaviorDefs/Asobo/Common/Electrical.xml",
      "size": 24012,
      "date": 132395409590000000
    },
    {
      "path": "ModelBehaviorDefs/Asobo/Common/Engine.xml",
      "size": 6817,
      "date": 132395409590000000
    },
    {
      "path": "ModelBehaviorDefs/Asobo/Common/Fuel.xml",
      "size": 11029,
      "date": 132405937790000000
    },
    {
      "path": "ModelBehaviorDefs/Asobo/Common/Handling.xml",
      "size": 59488,
      "date": 132400809350000000
    },
    {
      "path": "ModelBehaviorDefs/Asobo/Common/Index.xml",
      "size": 478,
      "date": 132072206660000000
    },
    {
      "path": "ModelBehaviorDefs/Asobo/Common/Instrument.xml",
      "size": 40856,
      "date": 132395409590000000
    },
    {
      "path": "ModelBehaviorDefs/Asobo/Common/LandingGear.xml",
      "size": 6261,
      "date": 132395409590000000
    },
    {
      "path": "ModelBehaviorDefs/Asobo/Common/Lighting.xml",
      "size": 28138,
      "date": 132395483180000000
    },
    {
      "path": "ModelBehaviorDefs/Asobo/Common/Passenger.xml",
      "size": 662,
      "date": 132395407790000000
    },
    {
      "path": "ModelBehaviorDefs/Asobo/Common/Pilot.xml",
      "size": 422,
      "date": 132395409600000000
    },
    {
      "path": "ModelBehaviorDefs/Asobo/Common/Pressurization.xml",
      "size": 11520,
      "date": 132395409600000000
    },
    {
      "path": "ModelBehaviorDefs/Asobo/Common/Safety.xml",
      "size": 30166,
      "date": 132395409600000000
    },
    {
      "path": "ModelBehaviorDefs/Asobo/Common/Subtemplates/Aircraft_Subtemplates.xml",
      "size": 601,
      "date": 132395409600000000
    },
    {
      "path": "ModelBehaviorDefs/Asobo/Common/Subtemplates/Autopilot_Subtemplates.xml",
      "size": 31153,
      "date": 132410251650000000
    },
    {
      "path": "ModelBehaviorDefs/Asobo/Common/Subtemplates/Deice_Subtemplates.xml",
      "size": 21234,
      "date": 132398089370000000
    },
    {
      "path": "ModelBehaviorDefs/Asobo/Common/Subtemplates/Electrical_Subtemplates.xml",
      "size": 72719,
      "date": 132395483450000000
    },
    {
      "path": "ModelBehaviorDefs/Asobo/Common/Subtemplates/Engine_Subtemplates.xml",
      "size": 57983,
      "date": 132395483450000000
    },
    {
      "path": "ModelBehaviorDefs/Asobo/Common/Subtemplates/Fuel_Subtemplates.xml",
      "size": 53314,
      "date": 132399804480000000
    },
    {
      "path": "ModelBehaviorDefs/Asobo/Common/Subtemplates/Handling_Subtemplates.xml",
      "size": 22009,
      "date": 132395409600000000
    },
    {
      "path": "ModelBehaviorDefs/Asobo/Common/Subtemplates/Instrument_Subtemplates.xml",
      "size": 66386,
      "date": 132395483460000000
    },
    {
      "path": "ModelBehaviorDefs/Asobo/Common/Subtemplates/LandingGear_Subtemplates.xml",
      "size": 11839,
      "date": 132410228580000000
    },
    {
      "path": "ModelBehaviorDefs/Asobo/Common/Subtemplates/Lighting_Subtemplates.xml",
      "size": 31984,
      "date": 132397238180000000
    },
    {
      "path": "ModelBehaviorDefs/Asobo/Common/Subtemplates/Passenger_Subtemplates.xml",
      "size": 8349,
      "date": 132395409600000000
    },
    {
      "path": "ModelBehaviorDefs/Asobo/Common/Subtemplates/Pressurization_Subtemplates.xml",
      "size": 502,
      "date": 132395409600000000
    },
    {
      "path": "ModelBehaviorDefs/Asobo/Common/Subtemplates/Safety_Subtemplates.xml",
      "size": 6791,
      "date": 132395409600000000
    },
    {
      "path": "ModelBehaviorDefs/Asobo/Exterior.xml",
      "size": 65246,
      "date": 132398835760000000
    },
    {
      "path": "ModelBehaviorDefs/Asobo/Generic.xml",
      "size": 38,
      "date": 132072204680000000
    },
    {
      "path": "ModelBehaviorDefs/Asobo/Generic/Animations.xml",
      "size": 2585,
      "date": 132395409600000000
    },
    {
      "path": "ModelBehaviorDefs/Asobo/Generic/AnimationTriggers.xml",
      "size": 4091,
      "date": 132395409600000000
    },
    {
      "path": "ModelBehaviorDefs/Asobo/Generic/Complex/Index.xml",
      "size": 236,
      "date": 132071594630000000
    },
    {
      "path": "ModelBehaviorDefs/Asobo/Generic/Complex/Joystick.xml",
      "size": 6391,
      "date": 132395409600000000
    },
    {
      "path": "ModelBehaviorDefs/Asobo/Generic/Complex/Knob.xml",
      "size": 18770,
      "date": 132395409600000000
    },
    {
      "path": "ModelBehaviorDefs/Asobo/Generic/Complex/Lever.xml",
      "size": 6463,
      "date": 132410168650000000
    },
    {
      "path": "ModelBehaviorDefs/Asobo/Generic/Complex/Misc.xml",
      "size": 3563,
      "date": 132395409600000000
    },
    {
      "path": "ModelBehaviorDefs/Asobo/Generic/Complex/PushButton.xml",
      "size": 15593,
      "date": 132411775730000000
    },
    {
      "path": "ModelBehaviorDefs/Asobo/Generic/Complex/Switch.xml",
      "size": 19916,
      "date": 132395409600000000
    },
    {
      "path": "ModelBehaviorDefs/Asobo/Generic/Emissive.xml",
      "size": 9442,
      "date": 132395409600000000
    },
    {
      "path": "ModelBehaviorDefs/Asobo/Generic/Helpers.xml",
      "size": 8740,
      "date": 132395410600000000
    },
    {
      "path": "ModelBehaviorDefs/Asobo/Generic/Index.xml",
      "size": 314,
      "date": 132188175160000000
    },
    {
      "path": "ModelBehaviorDefs/Asobo/Generic/Interactions.xml",
      "size": 36941,
      "date": 132400779880000000
    },
    {
      "path": "ModelBehaviorDefs/Asobo/Generic/Subtemplates/Animations_Subtemplates.xml",
      "size": 5519,
      "date": 132395409600000000
    },
    {
      "path": "ModelBehaviorDefs/Asobo/Generic/Subtemplates/Interactions_Subtemplates.xml",
      "size": 18746,
      "date": 132395409600000000
    },
    {
      "path": "ModelBehaviorDefs/Asobo/Generic/Subtemplates/Updates_Subtemplates.xml",
      "size": 3498,
      "date": 132395409600000000
    },
    {
      "path": "ModelBehaviorDefs/Asobo/Generic/Updates.xml",
      "size": 3399,
      "date": 132395409600000000
    },
    {
      "path": "ModelBehaviorDefs/Asobo/Generic/Visibility.xml",
      "size": 1516,
      "date": 132395409600000000
    },
    {
      "path": "ModelBehaviorDefs/Asobo/GlassCockpit/AS1000.xml",
      "size": 72478,
      "date": 132395517170000000
    },
    {
      "path": "ModelBehaviorDefs/Asobo/GlassCockpit/AS3000.xml",
      "size": 31307,
      "date": 132404324440000000
    },
    {
      "path": "ModelBehaviorDefs/Asobo/GlassCockpit/AS3X.xml",
      "size": 6406,
      "date": 132395409600000000
    },
    {
      "path": "ModelBehaviorDefs/Asobo/GlassCockpit/AS3X_Touch.xml",
      "size": 6636,
      "date": 132395419440000000
    },
    {
      "path": "ModelBehaviorDefs/Asobo/GlassCockpit/AS580.xml",
      "size": 8438,
      "date": 132395419440000000
    },
    {
      "path": "ModelBehaviorDefs/Asobo/GPS/Aera.xml",
      "size": 3129,
      "date": 132395483190000000
    },
    {
      "path": "ModelBehaviorDefs/Asobo/GPS/AS430.xml",
      "size": 15001,
      "date": 132397238190000000
    },
    {
      "path": "ModelBehaviorDefs/Asobo/GPS/AS530.xml",
      "size": 401,
      "date": 132395407800000000
    },
    {
      "path": "ModelBehaviorDefs/Asobo/Misc/Accelerometer.xml",
      "size": 3811,
      "date": 132395419440000000
    },
    {
      "path": "ModelBehaviorDefs/Asobo/Misc/Clock.xml",
      "size": 3623,
      "date": 132395419440000000
    },
    {
      "path": "ModelBehaviorDefs/Asobo/Misc/GroundVehicles.xml",
      "size": 13919,
      "date": 132395419440000000
    },
    {
      "path": "ModelBehaviorDefs/Asobo/Misc/Pl463.xml",
      "size": 4040,
      "date": 132395419440000000
    },
    {
      "path": "ModelBehaviorDefs/Asobo/Misc/SimObjects.xml",
      "size": 5613,
      "date": 132395419440000000
    },
    {
      "path": "ModelBehaviorDefs/Asobo/ModelBehavior.loc",
      "size": 35716,
      "date": 132380709480000000
    },
    {
      "path": "ModelBehaviorDefs/Asobo/NAVCOM/ADF.xml",
      "size": 13167,
      "date": 132395419440000000
    },
    {
      "path": "ModelBehaviorDefs/Asobo/NAVCOM/AS92.xml",
      "size": 3287,
      "date": 132395409600000000
    },
    {
      "path": "ModelBehaviorDefs/Asobo/NAVCOM/KAP140.xml",
      "size": 10002,
      "date": 132397238190000000
    },
    {
      "path": "ModelBehaviorDefs/Asobo/NAVCOM/NavComSystem.xml",
      "size": 88805,
      "date": 132397238190000000
    },
    {
      "path": "ModelBehaviorDefs/Asobo/Transponder/AS21.xml",
      "size": 3581,
      "date": 132395409600000000
    },
    {
      "path": "ModelBehaviorDefs/Asobo/Transponder/AS330.xml",
      "size": 5887,
      "date": 132395419450000000
    },
    {
      "path": "ModelBehaviorDefs/Asobo/Transponder/Transponder.xml",
      "size": 14830,
      "date": 132397238200000000
    },
    {
      "path": "ModelBehaviorDefs/Common.xml",
      "size": 67,
      "date": 132186509410000000
    },
    {
      "path": "ModelBehaviorDefs/Common/Aircraft.xml",
      "size": 3265,
      "date": 132100881660000000
    },
    {
      "path": "ModelBehaviorDefs/Common/Autopilot.xml",
      "size": 51632,
      "date": 132380074610000000
    },
    {
      "path": "ModelBehaviorDefs/Common/Deice.xml",
      "size": 9822,
      "date": 132346345530000000
    },
    {
      "path": "ModelBehaviorDefs/Common/Electrical.xml",
      "size": 23556,
      "date": 132283436920000000
    },
    {
      "path": "ModelBehaviorDefs/Common/Engine.xml",
      "size": 6577,
      "date": 132300338080000000
    },
    {
      "path": "ModelBehaviorDefs/Common/Fuel.xml",
      "size": 10384,
      "date": 132295192120000000
    },
    {
      "path": "ModelBehaviorDefs/Common/Handling.xml",
      "size": 56995,
      "date": 132373143720000000
    },
    {
      "path": "ModelBehaviorDefs/Common/Index.xml",
      "size": 478,
      "date": 132072206660000000
    },
    {
      "path": "ModelBehaviorDefs/Common/Instrument.xml",
      "size": 39962,
      "date": 132370563250000000
    },
    {
      "path": "ModelBehaviorDefs/Common/LandingGear.xml",
      "size": 6111,
      "date": 132367749890000000
    },
    {
      "path": "ModelBehaviorDefs/Common/Lighting.xml",
      "size": 27543,
      "date": 132352405260000000
    },
    {
      "path": "ModelBehaviorDefs/Common/Passenger.xml",
      "size": 638,
      "date": 132164994310000000
    },
    {
      "path": "ModelBehaviorDefs/Common/Pilot.xml",
      "size": 410,
      "date": 132106797750000000
    },
    {
      "path": "ModelBehaviorDefs/Common/Pressurization.xml",
      "size": 11322,
      "date": 132373013630000000
    },
    {
      "path": "ModelBehaviorDefs/Common/Safety.xml",
      "size": 29584,
      "date": 132367075820000000
    },
    {
      "path": "ModelBehaviorDefs/Common/Subtemplates/Aircraft_Subtemplates.xml",
      "size": 589,
      "date": 132072181930000000
    },
    {
      "path": "ModelBehaviorDefs/Common/Subtemplates/Autopilot_Subtemplates.xml",
      "size": 28875,
      "date": 132380059190000000
    },
    {
      "path": "ModelBehaviorDefs/Common/Subtemplates/Deice_Subtemplates.xml",
      "size": 19813,
      "date": 132346345530000000
    },
    {
      "path": "ModelBehaviorDefs/Common/Subtemplates/Electrical_Subtemplates.xml",
      "size": 71806,
      "date": 132373112590000000
    },
    {
      "path": "ModelBehaviorDefs/Common/Subtemplates/Engine_Subtemplates.xml",
      "size": 57220,
      "date": 132379952270000000
    },
    {
      "path": "ModelBehaviorDefs/Common/Subtemplates/Fuel_Subtemplates.xml",
      "size": 52921,
      "date": 132367976160000000
    },
    {
      "path": "ModelBehaviorDefs/Common/Subtemplates/Handling_Subtemplates.xml",
      "size": 21739,
      "date": 132356447800000000
    },
    {
      "path": "ModelBehaviorDefs/Common/Subtemplates/Instrument_Subtemplates.xml",
      "size": 67720,
      "date": 132318527580000000
    },
    {
      "path": "ModelBehaviorDefs/Common/Subtemplates/LandingGear_Subtemplates.xml",
      "size": 11419,
      "date": 132373074530000000
    },
    {
      "path": "ModelBehaviorDefs/Common/Subtemplates/Lighting_Subtemplates.xml",
      "size": 31756,
      "date": 132380724920000000
    },
    {
      "path": "ModelBehaviorDefs/Common/Subtemplates/Passenger_Subtemplates.xml",
      "size": 8265,
      "date": 132272120790000000
    },
    {
      "path": "ModelBehaviorDefs/Common/Subtemplates/Pressurization_Subtemplates.xml",
      "size": 490,
      "date": 132240722700000000
    },
    {
      "path": "ModelBehaviorDefs/Common/Subtemplates/Safety_Subtemplates.xml",
      "size": 6701,
      "date": 132262375500000000
    },
    {
      "path": "ModelBehaviorDefs/Exterior.xml",
      "size": 64883,
      "date": 132371441550000000
    },
    {
      "path": "ModelBehaviorDefs/Generic.xml",
      "size": 38,
      "date": 132072204680000000
    },
    {
      "path": "ModelBehaviorDefs/Generic/Animations.xml",
      "size": 2519,
      "date": 132266669830000000
    },
    {
      "path": "ModelBehaviorDefs/Generic/AnimationTriggers.xml",
      "size": 4067,
      "date": 132170093010000000
    },
    {
      "path": "ModelBehaviorDefs/Generic/Complex/Index.xml",
      "size": 236,
      "date": 132071594630000000
    },
    {
      "path": "ModelBehaviorDefs/Generic/Complex/Joystick.xml",
      "size": 6325,
      "date": 132288614690000000
    },
    {
      "path": "ModelBehaviorDefs/Generic/Complex/Knob.xml",
      "size": 18488,
      "date": 132325412380000000
    },
    {
      "path": "ModelBehaviorDefs/Generic/Complex/Lever.xml",
      "size": 6272,
      "date": 132327051260000000
    },
    {
      "path": "ModelBehaviorDefs/Generic/Complex/Misc.xml",
      "size": 3485,
      "date": 132289129200000000
    },
    {
      "path": "ModelBehaviorDefs/Generic/Complex/PushButton.xml",
      "size": 15106,
      "date": 132308392750000000
    },
    {
      "path": "ModelBehaviorDefs/Generic/Complex/Switch.xml",
      "size": 19616,
      "date": 132302182570000000
    },
    {
      "path": "ModelBehaviorDefs/Generic/Emissive.xml",
      "size": 9298,
      "date": 132362764210000000
    },
    {
      "path": "ModelBehaviorDefs/Generic/Helpers.xml",
      "size": 8608,
      "date": 132318586150000000
    },
    {
      "path": "ModelBehaviorDefs/Generic/Index.xml",
      "size": 314,
      "date": 132188175160000000
    },
    {
      "path": "ModelBehaviorDefs/Generic/Interactions.xml",
      "size": 36372,
      "date": 132367193800000000
    },
    {
      "path": "ModelBehaviorDefs/Generic/Subtemplates/Animations_Subtemplates.xml",
      "size": 5417,
      "date": 132340301300000000
    },
    {
      "path": "ModelBehaviorDefs/Generic/Subtemplates/Interactions_Subtemplates.xml",
      "size": 18590,
      "date": 132289359590000000
    },
    {
      "path": "ModelBehaviorDefs/Generic/Subtemplates/Updates_Subtemplates.xml",
      "size": 3438,
      "date": 132253069060000000
    },
    {
      "path": "ModelBehaviorDefs/Generic/Updates.xml",
      "size": 3369,
      "date": 132247028520000000
    },
    {
      "path": "ModelBehaviorDefs/Generic/Visibility.xml",
      "size": 1486,
      "date": 132157739720000000
    },
    {
      "path": "ModelBehaviorDefs/GlassCockpit/AS1000.xml",
      "size": 71209,
      "date": 132379803890000000
    },
    {
      "path": "ModelBehaviorDefs/GlassCockpit/AS3000.xml",
      "size": 23066,
      "date": 132373809930000000
    },
    {
      "path": "ModelBehaviorDefs/GlassCockpit/AS3X.xml",
      "size": 6304,
      "date": 132331624860000000
    },
    {
      "path": "ModelBehaviorDefs/GlassCockpit/AS3X_Touch.xml",
      "size": 6486,
      "date": 132363624840000000
    },
    {
      "path": "ModelBehaviorDefs/GlassCockpit/AS580.xml",
      "size": 8348,
      "date": 132270397500000000
    },
    {
      "path": "ModelBehaviorDefs/GPS/Aera.xml",
      "size": 2914,
      "date": 132349850200000000
    },
    {
      "path": "ModelBehaviorDefs/GPS/AS430.xml",
      "size": 14773,
      "date": 132362799600000000
    },
    {
      "path": "ModelBehaviorDefs/GPS/AS530.xml",
      "size": 389,
      "date": 132233997600000000
    },
    {
      "path": "ModelBehaviorDefs/Misc/Accelerometer.xml",
      "size": 3703,
      "date": 132261524340000000
    },
    {
      "path": "ModelBehaviorDefs/Misc/Clock.xml",
      "size": 3551,
      "date": 132239878370000000
    },
    {
      "path": "ModelBehaviorDefs/Misc/GroundVehicles.xml",
      "size": 13637,
      "date": 132361863330000000
    },
    {
      "path": "ModelBehaviorDefs/Misc/Pl463.xml",
      "size": 3974,
      "date": 132342713480000000
    },
    {
      "path": "ModelBehaviorDefs/Misc/SimObjects.xml",
      "size": 5499,
      "date": 132300337810000000
    },
    {
      "path": "ModelBehaviorDefs/ModelBehavior.loc",
      "size": 35716,
      "date": 132380709480000000
    },
    {
      "path": "ModelBehaviorDefs/NAVCOM/ADF.xml",
      "size": 12879,
      "date": 132249570700000000
    },
    {
      "path": "ModelBehaviorDefs/NAVCOM/AS92.xml",
      "size": 3227,
      "date": 132235691460000000
    },
    {
      "path": "ModelBehaviorDefs/NAVCOM/KAP140.xml",
      "size": 6722,
      "date": 132376542980000000
    },
    {
      "path": "ModelBehaviorDefs/NAVCOM/NavComSystem.xml",
      "size": 87322,
      "date": 132369558100000000
    },
    {
      "path": "ModelBehaviorDefs/Transponder/AS21.xml",
      "size": 3515,
      "date": 132271127960000000
    },
    {
      "path": "ModelBehaviorDefs/Transponder/AS330.xml",
      "size": 5707,
      "date": 132362758550000000
    },
    {
      "path": "ModelBehaviorDefs/Transponder/Transponder.xml",
      "size": 14392,
      "date": 132307264520000000
    },
    {
      "path": "pl-PL.locPak",
      "size": 2028,
      "date": 132408507368717317
    },
    {
      "path": "pt-BR.locPak",
      "size": 2170,
      "date": 132408507368697327
    },
    {
      "path": "ru-RU.locPak",
      "size": 2880,
      "date": 132408507368747328
    },
    {
      "path": "zh-CN.locPak",
      "size": 1926,
      "date": 132408507368727326
    }
  ]
}