<Template Name="RMP_BACKLIGHT_Template">
	<DefaultTemplateParameters>
		<BACKLIGHT_NAME>PUSH_RADIO#SIDE#_#BASE_NAME#_SEQ1</BACKLIGHT_NAME>
	</DefaultTemplateParameters>
	
	<Component ID="#BACKLIGHT_NAME#" Node="#BACKLIGHT_NAME#">
		<UseTemplate Name="GT_Emissive_Gauge">
			<Condition Check="POTENTIOMETER">
				<True>
					<EMISSIVE_CODE>(L:XMLVAR_RMP_#SIDE#_On, bool) (A:LIGHT POTENTIOMETER:#POTENTIOMETER#, Percent over 100) *</EMISSIVE_CODE>
				</True>
				<False>
			<EMISSIVE_CODE>(L:XMLVAR_RMP_#SIDE#_On, bool)</EMISSIVE_CODE>
				</False>
			</Condition>
		</UseTemplate>
	</Component>
</Template>

<Template Name="RMP_BUTTON_Template">
	<DefaultTemplateParameters>
		<NODE_ID>PUSH_RADIO#SIDE#_#BASE_NAME#</NODE_ID>
		<ANIM_NAME_BUTTON>PUSH_RADIO#SIDE#_#BASE_NAME#</ANIM_NAME_BUTTON>
		<LED_NODE_ID>PUSH_RADIO#SIDE#_#BASE_NAME#_SEQ2</LED_NODE_ID>
		<EVENT_NAME>A320_Neo_FDW_BTN_#SIDE#_#BASE_NAME#</EVENT_NAME>
		<STATE_VAR_NAME>XMLVAR_RMP_#SIDE#_#BASE_NAME#_Active</STATE_VAR_NAME>
		<OPTIONAL_ACTIVE_IF>1</OPTIONAL_ACTIVE_IF>
		<RUN_ON_PRESS></RUN_ON_PRESS>
		<WWISE_EVENT_1>radio_push_button_on</WWISE_EVENT_1>
		<NORMALIZED_TIME_1>0.1</NORMALIZED_TIME_1>
		<WWISE_EVENT_2>radio_push_button_off</WWISE_EVENT_2>
		<NORMALIZED_TIME_2>0.5</NORMALIZED_TIME_2>
		<TOOLTIPID>TT:COCKPIT.TOOLTIPS.RADIO_SELECT_#BASE_NAME#</TOOLTIPID>
	</DefaultTemplateParameters>
	<EditableTemplateParameters>
		<AddParams>
			<LED_NODE_ID></LED_NODE_ID>
		</AddParams>
	</EditableTemplateParameters>
	
	<Component ID="#NODE_ID#" Node="#NODE_ID#">
		<UseTemplate Name="GT_Push_Button">
			<ANIM_NAME>#ANIM_NAME_BUTTON#</ANIM_NAME>
			<LEFT_SINGLE_CODE>
				<!--Only respond when power is on-->
				(L:XMLVAR_RMP_#SIDE#_On) #OPTIONAL_ACTIVE_IF# and if{
					(&gt;H:#EVENT_NAME#) (L:#STATE_VAR_NAME#) ! (&gt;L:#STATE_VAR_NAME#)
					#RUN_ON_PRESS#
				}
			</LEFT_SINGLE_CODE>
		</UseTemplate>
	</Component>
	
	<Component ID="#LED_NODE_ID#" Node="#LED_NODE_ID#">
		<UseTemplate Name="GT_Emissive_Gauge">
			<EMISSIVE_CODE>
				(L:XMLVAR_RMP_#SIDE#_On, bool) if{
					(L:#STATE_VAR_NAME#, bool) #OPTIONAL_ACTIVE_IF# and
				}
				els{ 0 }
			</EMISSIVE_CODE>
		</UseTemplate>
	</Component>
</Template>

<Template Name="RMP_BUTTON_WITH_LIGHTS_Template">
	<DefaultTemplateParameters>
		<BASE_NAME>UNKNOWN</BASE_NAME>
	</DefaultTemplateParameters>
	
	<UseTemplate Name="RMP_BACKLIGHT_Template">
	</UseTemplate>
	
	<UseTemplate Name="RMP_BUTTON_Template">
	</UseTemplate>
</Template>

<Template Name="RMP_GROUPED_BUTTON_Template">
	<DefaultTemplateParameters>
		<NODE_ID>PUSH_RADIO#SIDE#_#BASE_NAME#</NODE_ID>
		<ANIM_NAME_BUTTON>PUSH_RADIO#SIDE#_#BASE_NAME#</ANIM_NAME_BUTTON>
		<LED_NODE_ID>PUSH_RADIO#SIDE#_#BASE_NAME#_SEQ2</LED_NODE_ID>
		<EVENT_NAME>A320_Neo_FDW_BTN_#SIDE#_#BASE_NAME#</EVENT_NAME>
		<GROUP_STATE_VAR_NAME>XMLVAR_RMP_#SIDE#_GROUP_#GROUP_NAME#_IS_DISABLED</GROUP_STATE_VAR_NAME>
		<CURRENT_BUTTON_VAR_NAME>XMLVAR_RMP_#SIDE#_CURRENT_BUTTON_IN_GROUP_#GROUP_NAME#</CURRENT_BUTTON_VAR_NAME>
		<OPTIONAL_ACTIVE_IF>1</OPTIONAL_ACTIVE_IF>
		<RUN_ON_PRESS></RUN_ON_PRESS>
		<WWISE_EVENT_1>radio_push_button_on</WWISE_EVENT_1>
		<NORMALIZED_TIME_1>0.1</NORMALIZED_TIME_1>
		<WWISE_EVENT_2>radio_push_button_off</WWISE_EVENT_2>
		<NORMALIZED_TIME_2>0.5</NORMALIZED_TIME_2>
		<TOOLTIPID>TT:COCKPIT.TOOLTIPS.RADIO_SELECT_#BASE_NAME#</TOOLTIPID>
	</DefaultTemplateParameters>
	
	<Component ID="#NODE_ID#" Node="#NODE_ID#">
		<UseTemplate Name="GT_Push_Button">
			<ANIM_NAME>#ANIM_NAME_BUTTON#</ANIM_NAME>
			<LEFT_SINGLE_CODE>
				<!--Only respond when power is on AND the group isn't disabled AND the optional requirement is valid-->
				(L:XMLVAR_RMP_#SIDE#_On) if{
					(L:#GROUP_STATE_VAR_NAME#) ! if{
						#OPTIONAL_ACTIVE_IF# if{
							(&gt;H:#EVENT_NAME#) #GROUP_INDEX# (&gt;L:#CURRENT_BUTTON_VAR_NAME#)
							#RUN_ON_PRESS#
						}
					}
				}
			</LEFT_SINGLE_CODE>
		</UseTemplate>
	</Component>
	
	<Component ID="#LED_NODE_ID#" Node="#LED_NODE_ID#">
		<UseTemplate Name="GT_Emissive_Gauge">
			<EMISSIVE_CODE>
				(L:XMLVAR_RMP_#SIDE#_On, bool) (L:#GROUP_STATE_VAR_NAME#) ! and if{
					(L:#CURRENT_BUTTON_VAR_NAME#) #GROUP_INDEX# == #OPTIONAL_ACTIVE_IF# and
				}
				els{
					0
				}
			</EMISSIVE_CODE>
		</UseTemplate>
	</Component>
</Template>

<Template Name="RMP_GROUPED_BUTTON_WITH_LIGHTS_Template">
	<DefaultTemplateParameters>
		<BASE_NAME>UNKNOWN</BASE_NAME>
		<GROUP_NAME>NONE</GROUP_NAME>
		<GROUP_INDEX>-1</GROUP_INDEX>
	</DefaultTemplateParameters>
	
	<UseTemplate Name="RMP_BACKLIGHT_Template">
	</UseTemplate>
	
	<UseTemplate Name="RMP_GROUPED_BUTTON_Template">
	</UseTemplate>
</Template>

<Template Name="RMP_RADIO_SELECTION_Template">
	<DefaultTemplateParameters>
		<SIDE>UNKNOWN</SIDE>
	</DefaultTemplateParameters>
	
	<UseTemplate Name="RMP_GROUPED_BUTTON_WITH_LIGHTS_Template">
		<BASE_NAME>VHF1</BASE_NAME>
		<GROUP_NAME>FREQ</GROUP_NAME>
		<GROUP_INDEX>1</GROUP_INDEX>
		<OPTIONAL_ACTIVE_IF>
			(* FREQ buttons are only available when nothing is active in the MODE group *)
			(L:XMLVAR_RMP_#SIDE#_CURRENT_BUTTON_IN_GROUP_MODE) 0 ==
		</OPTIONAL_ACTIVE_IF>
	</UseTemplate>
	
	<UseTemplate Name="RMP_GROUPED_BUTTON_WITH_LIGHTS_Template">
		<BASE_NAME>VHF2</BASE_NAME>
		<GROUP_NAME>FREQ</GROUP_NAME>
		<GROUP_INDEX>2</GROUP_INDEX>
		<OPTIONAL_ACTIVE_IF>
			(* FREQ buttons are only available when nothing is active in the MODE group *)
			(L:XMLVAR_RMP_#SIDE#_CURRENT_BUTTON_IN_GROUP_MODE) 0 ==
		</OPTIONAL_ACTIVE_IF>
	</UseTemplate>
	
	<UseTemplate Name="RMP_GROUPED_BUTTON_WITH_LIGHTS_Template">
		<BASE_NAME>VHF3</BASE_NAME>
		<GROUP_NAME>FREQ</GROUP_NAME>
		<GROUP_INDEX>3</GROUP_INDEX>
		<OPTIONAL_ACTIVE_IF>
			(* FREQ buttons are only available when nothing is active in the MODE group *)
			(L:XMLVAR_RMP_#SIDE#_CURRENT_BUTTON_IN_GROUP_MODE) 0 ==
		</OPTIONAL_ACTIVE_IF>
	</UseTemplate>
	
	<UseTemplate Name="RMP_GROUPED_BUTTON_WITH_LIGHTS_Template">
		<BASE_NAME>HF1</BASE_NAME>
		<GROUP_NAME>FREQ</GROUP_NAME>
		<GROUP_INDEX>4</GROUP_INDEX>
		<OPTIONAL_ACTIVE_IF>
			(* FREQ buttons are only available when nothing is active in the MODE group *)
			(L:XMLVAR_RMP_#SIDE#_CURRENT_BUTTON_IN_GROUP_MODE) 0 ==
		</OPTIONAL_ACTIVE_IF>
	</UseTemplate>
	
	<UseTemplate Name="RMP_GROUPED_BUTTON_WITH_LIGHTS_Template">
		<BASE_NAME>HF2</BASE_NAME>
		<GROUP_NAME>FREQ</GROUP_NAME>
		<GROUP_INDEX>5</GROUP_INDEX>
		<OPTIONAL_ACTIVE_IF>
			(* FREQ buttons are only available when nothing is active in the MODE group *)
			(L:XMLVAR_RMP_#SIDE#_CURRENT_BUTTON_IN_GROUP_MODE) 0 ==
		</OPTIONAL_ACTIVE_IF>
	</UseTemplate>
	
	<UseTemplate Name="RMP_BUTTON_WITH_LIGHTS_Template">
		<BASE_NAME>AM</BASE_NAME>
		<OPTIONAL_ACTIVE_IF>
			(* AM is only available when HF1/HF2 are active *)
			(L:XMLVAR_RMP_#SIDE#_CURRENT_BUTTON_IN_GROUP_MODE) 0 == (L:XMLVAR_RMP_#SIDE#_GROUP_FREQ_IS_DISABLED) ! and if{
				(L:XMLVAR_RMP_#SIDE#_CURRENT_BUTTON_IN_GROUP_FREQ) 4 == (L:XMLVAR_RMP_#SIDE#_CURRENT_BUTTON_IN_GROUP_FREQ) 5 == or
			}
		</OPTIONAL_ACTIVE_IF>
	</UseTemplate>
</Template>

<Template Name="RMP_DISPLAY_Template">
	<DefaultTemplateParameters>
		<SIDE>UNKNOWN</SIDE>
	</DefaultTemplateParameters>
	
	<Component ID="RMP_SWITCH_#SIDE#" Node="SWITCH_RADIO#SIDE#_1">
		<UseTemplate Name="GT_Switch_Code">
			<ANIM_NAME>SWITCH_RADIO#SIDE#_1</ANIM_NAME>
			<ANIM_LENGTH>100</ANIM_LENGTH>
			<ANIM_CODE>(L:XMLVAR_RMP_#SIDE#_On) 100 *</ANIM_CODE>
			<LEFT_SINGLE_CODE>
				(L:XMLVAR_RMP_#SIDE#_On) ! (&gt;L:XMLVAR_RMP_#SIDE#_On)
				(L:XMLVAR_RMP_#SIDE#_On) if{
					0 (&gt;L:XMLVAR_RMP_#SIDE#_GROUP_FREQ_IS_DISABLED)			(* FREQ group enabled *)
					1 (&gt;L:XMLVAR_RMP_#SIDE#_GROUP_MODE_IS_DISABLED)			(* MODE group disabled *)
					1 (&gt;L:XMLVAR_RMP_#SIDE#_CURRENT_BUTTON_IN_GROUP_FREQ)	(* Default FREQ group is button 1 (VHF1) *)
					0 (&gt;L:XMLVAR_RMP_#SIDE#_CURRENT_BUTTON_IN_GROUP_MODE)	(* Default MODE group is button 0 (NONE) *)
					0 (&gt;L:XMLVAR_RMP_#SIDE#_AM_Active)						(* AM button off *)
					0 (&gt;L:XMLVAR_RMP_#SIDE#_NAV_Active)						(* NAV button off *)
					0 (&gt;L:XMLVAR_RMP_#SIDE#_BFO_Active)						(* BFO button off *)
				}
				(&gt;H:A320_Neo_FDW_SWITCH_#SIDE#_TOGGLE)
			</LEFT_SINGLE_CODE>
			<WWISE_EVENT_1>radio_switch_on</WWISE_EVENT_1>
			<NORMALIZED_TIME_1>0.1</NORMALIZED_TIME_1>
			<WWISE_EVENT_2>radio_switch_off</WWISE_EVENT_2>
			<NORMALIZED_TIME_2>0.5</NORMALIZED_TIME_2>
			<ANIMTIP_0>TT:COCKPIT.TOOLTIPS.RADIO_SELECT_TURN_RMP_ON</ANIMTIP_0>
			<ANIMTIP_1>TT:COCKPIT.TOOLTIPS.RADIO_SELECT_TURN_RMP_OFF</ANIMTIP_1>
		</UseTemplate>
		
		<UseTemplate Name="GT_Update">
			<FREQUENCY>1</FREQUENCY>
			<UPDATE_CODE>
				(L:XMLVAR_RMP_#SIDE#_INIT) ! if{
					1 (&gt;L:XMLVAR_RMP_#SIDE#_On)								(* Start with the switch on *)
					1 (&gt;L:XMLVAR_RMP_#SIDE#_GROUP_MODE_IS_DISABLED)			(* MODE group disabled *)
					1 (&gt;L:XMLVAR_RMP_#SIDE#_CURRENT_BUTTON_IN_GROUP_FREQ)	(* Default FREQ group is button 1 (VHF1) *)
					(&gt;H:A320_Neo_FDW_SWITCH_#SIDE#_TOGGLE)
					1 (&gt;L:XMLVAR_RMP_#SIDE#_INIT)							(* INIT complete *)
				}
			</UPDATE_CODE>
		</UseTemplate>
	</Component>
	
	<Component ID="RMP_DIAL_LARGE_#SIDE#" Node="KNOB_RADIO#SIDE#_BIG">
		<UseTemplate Name="GT_Knob_Infinite">
			<ANIM_NAME>KNOB_RADIO#SIDE#_BIG</ANIM_NAME>
			<CLOCKWISE_CODE>(&gt;H:A320_Neo_FDW_DIAL_#SIDE#_INTEGER_INC)</CLOCKWISE_CODE>
			<ANTICLOCKWISE_CODE>(&gt;H:A320_Neo_FDW_DIAL_#SIDE#_INTEGER_DEC)</ANTICLOCKWISE_CODE>
			<WWISE_EVENT>radio_big_knob</WWISE_EVENT>
			<COUNT>36</COUNT>
			<ANIMREF_ID>0</ANIMREF_ID>
			<ANIMCURSOR_MIN>-1</ANIMCURSOR_MIN>
			<ANIMCURSOR_MAX>-1</ANIMCURSOR_MAX>
			<ANIMTIP_0_ON_CURSOR>TurnLeft</ANIMTIP_0_ON_CURSOR>
			<ANIMTIP_1_ON_CURSOR>TurnRight</ANIMTIP_1_ON_CURSOR>
			<ANIMTIP_0>TT:COCKPIT.TOOLTIPS.RADIO_TUNE_SBY_FREQUENCY_DEC</ANIMTIP_0>
			<ANIMTIP_1>TT:COCKPIT.TOOLTIPS.RADIO_TUNE_SBY_FREQUENCY_INC</ANIMTIP_1>
		</UseTemplate>
	</Component>
	
	<Component ID="RMP_DIAL_SMALL_#SIDE#" Node="KNOB_RADIO#SIDE#_SMALL">
		<UseTemplate Name="GT_Knob_Infinite">
			<ANIM_NAME>KNOB_RADIO#SIDE#_SMALL</ANIM_NAME>
			<CLOCKWISE_CODE>(&gt;H:A320_Neo_FDW_DIAL_#SIDE#_DECIMAL_INC)</CLOCKWISE_CODE>
			<ANTICLOCKWISE_CODE>(&gt;H:A320_Neo_FDW_DIAL_#SIDE#_DECIMAL_DEC)</ANTICLOCKWISE_CODE>
			<WWISE_EVENT>radio_small_knob</WWISE_EVENT>
			<COUNT>36</COUNT>
			<ANIMREF_ID>0</ANIMREF_ID>
			<ANIMTIP_0_ON_CURSOR>TurnLeft</ANIMTIP_0_ON_CURSOR>
			<ANIMTIP_1_ON_CURSOR>TurnRight</ANIMTIP_1_ON_CURSOR>
			<ANIMCURSOR_MIN>-1</ANIMCURSOR_MIN>
			<ANIMCURSOR_MAX>-1</ANIMCURSOR_MAX>
			<ANIMTIP_0>TT:COCKPIT.TOOLTIPS.RADIO_TUNE_SBY_FREQUENCY_DEC</ANIMTIP_0>
			<ANIMTIP_1>TT:COCKPIT.TOOLTIPS.RADIO_TUNE_SBY_FREQUENCY_INC</ANIMTIP_1>
		</UseTemplate>
	</Component>
	
	<Component ID="RMP_ARROWS_#SIDE#" Node="PUSH_RADIO#SIDE#_ARROWS">
		<UseTemplate Name="GT_Push_Button">
			<ANIM_NAME>PUSH_RADIO#SIDE#_ARROWS</ANIM_NAME>
			<LEFT_SINGLE_CODE>(L:XMLVAR_RMP_#SIDE#_On) if{ (&gt;H:A320_Neo_FDW_BTN_#SIDE#_TRANSFER) }</LEFT_SINGLE_CODE>
			<WWISE_EVENT_1>radio_push_button_on</WWISE_EVENT_1>
			<NORMALIZED_TIME_1>0.1</NORMALIZED_TIME_1>
			<WWISE_EVENT_2>radio_push_button_off</WWISE_EVENT_2>
			<NORMALIZED_TIME_2>0.5</NORMALIZED_TIME_2>
			<TOOLTIPID>TT:COCKPIT.TOOLTIPS.RADIO_FREQUENCY_TRANSFER_KEY</TOOLTIPID>
		</UseTemplate>
		
		<UseTemplate Name="RMP_BACKLIGHT_Template">
			<BASE_NAME>ARROWS</BASE_NAME>
		</UseTemplate>
	</Component>
	
	<UseTemplate Name="RMP_RADIO_SELECTION_Template">
	</UseTemplate>
	
	<Component ID="RMP_SEL_#SIDE#">
		<UseTemplate Name="RMP_BACKLIGHT_Template">
		<BASE_NAME>SEL</BASE_NAME>
		</UseTemplate>
		
		<Component ID="PUSH_RADIO#SIDE#_SEL_SEQ2" Node="PUSH_RADIO#SIDE#_SEL_SEQ2">
			<UseTemplate Name="GT_Emissive_Gauge">
				<EMISSIVE_CODE>
					(* Both RMPs must be on *)
					(L:XMLVAR_RMP_L_On, bool) (L:XMLVAR_RMP_R_On, bool) and if{
						(* Both frequency groups must be active *)
						(L:XMLVAR_RMP_L_GROUP_FREQ_IS_DISABLED) ! (L:XMLVAR_RMP_R_GROUP_FREQ_IS_DISABLED) ! and if{
							(* The currently selected frequency must be valid *)
							(L:XMLVAR_RMP_#SIDE#_CURRENT_BUTTON_IN_GROUP_FREQ) 0 &gt; if{
								(* Both RMPs must be in the default mode *)
								(L:XMLVAR_RMP_L_CURRENT_BUTTON_IN_GROUP_MODE) 0 == (L:XMLVAR_RMP_R_CURRENT_BUTTON_IN_GROUP_MODE) 0 == and if{ 
									(* SEL will now be highlighted when both RMPs have the same frequency set *)
									(L:XMLVAR_RMP_L_CURRENT_BUTTON_IN_GROUP_FREQ) (L:XMLVAR_RMP_R_CURRENT_BUTTON_IN_GROUP_FREQ) ==
								}
								els{ 0 }
							}
							els{ 0 }
						}
						els{ 0 }
					}
					els{ 0 }
				</EMISSIVE_CODE>
			</UseTemplate>
		</Component>
	</UseTemplate>
	
	<Component ID="RMP_NAV_LOCK_#SIDE#" Node="LOCK_RADIO#SIDE#_NAV">
		<UseTemplate Name="GT_Switch_Code">
			<ANIM_NAME>LOCK_RADIO#SIDE#_NAV</ANIM_NAME>
			<ANIM_LENGTH>100</ANIM_LENGTH>
			<ANIM_CODE>(L:XMLVAR_RMP_#SIDE#_NavLockOff) 100 *</ANIM_CODE>
			<LEFT_SINGLE_CODE>(L:XMLVAR_RMP_#SIDE#_NavLockOff) ! (&gt;L:XMLVAR_RMP_#SIDE#_NavLockOff)</LEFT_SINGLE_CODE>
			<WWISE_EVENT_1>radio_lock_on</WWISE_EVENT_1>
			<NORMALIZED_TIME_1>0.1</NORMALIZED_TIME_1>
			<WWISE_EVENT_2>radio_lock_off</WWISE_EVENT_2>
			<NORMALIZED_TIME_2>0.</NORMALIZED_TIME_2>
			<ANIMTIP_0>TT:COCKPIT.TOOLTIPS.GENERIC_BUTTON_GUARD_ON</ANIMTIP_0>
			<ANIMTIP_1>TT:COCKPIT.TOOLTIPS.GENERIC_BUTTON_GUARD_OFF</ANIMTIP_1>		
		</UseTemplate>
	</Component>
	
	<UseTemplate Name="RMP_BUTTON_WITH_LIGHTS_Template">
		<BASE_NAME>NAV</BASE_NAME>
		<!--When the NAV button is inactive, the MODE buttons are disabled-->
		<RUN_ON_PRESS>
			0 (L:XMLVAR_RMP_#SIDE#_NAV_Active) == if{
				1 (&gt;L:XMLVAR_RMP_#SIDE#_GROUP_MODE_IS_DISABLED)
				0 (&gt;L:XMLVAR_RMP_#SIDE#_CURRENT_BUTTON_IN_GROUP_MODE)
			}
			els{
				0 (&gt;L:XMLVAR_RMP_#SIDE#_GROUP_MODE_IS_DISABLED)
			}
		</RUN_ON_PRESS>
	</UseTemplate>
	
	<UseTemplate Name="RMP_GROUPED_BUTTON_WITH_LIGHTS_Template">
		<BASE_NAME>VOR</BASE_NAME>
		<GROUP_NAME>MODE</GROUP_NAME>
		<GROUP_INDEX>1</GROUP_INDEX>
	</UseTemplate>
	
	<UseTemplate Name="RMP_GROUPED_BUTTON_WITH_LIGHTS_Template">
		<BASE_NAME>ILS</BASE_NAME>
		<GROUP_NAME>MODE</GROUP_NAME>
		<GROUP_INDEX>2</GROUP_INDEX>
	</UseTemplate>
	
	<UseTemplate Name="RMP_GROUPED_BUTTON_WITH_LIGHTS_Template">
		<BASE_NAME>MLS</BASE_NAME>
		<GROUP_NAME>MODE</GROUP_NAME>
		<GROUP_INDEX>3</GROUP_INDEX>
		<OPTIONAL_ACTIVE_IF>
			(* MLS isn't working in videos showing RMP functionality. It is also not working in X-Plane. Ours now doesn't work either! *)
			0
		</OPTIONAL_ACTIVE_IF>
	</UseTemplate>
	
	<UseTemplate Name="RMP_GROUPED_BUTTON_WITH_LIGHTS_Template">
		<BASE_NAME>ADF</BASE_NAME>
		<GROUP_NAME>MODE</GROUP_NAME>
		<GROUP_INDEX>4</GROUP_INDEX>
	</UseTemplate>
	
	<UseTemplate Name="RMP_BUTTON_WITH_LIGHTS_Template">
		<BASE_NAME>BFO</BASE_NAME>
		<OPTIONAL_ACTIVE_IF>
			(* BFO is only available when ADF is active *)
			(L:XMLVAR_RMP_#SIDE#_GROUP_MODE_IS_DISABLED) ! if{
				(L:XMLVAR_RMP_#SIDE#_CURRENT_BUTTON_IN_GROUP_MODE) 4 == 
			}
		</OPTIONAL_ACTIVE_IF>
	</UseTemplate>
</Template>

<Template Name="AIRBUS_Push_Dummy_Template">
	<DefaultTemplateParameters>
		<Condition Check="FAULT_NODE_ID">
			<NODE_ID_SEQ1>#FAULT_NODE_ID#</NODE_ID_SEQ1>
		</Condition>
		<Condition Check="OFF_NODE_ID">
			<NODE_ID_SEQ2>#OFF_NODE_ID#</NODE_ID_SEQ2>
		</Condition>
	</DefaultTemplateParameters>
	
	<UseTemplate Name="GT_Push_Button_Airliner_Dummy">
	</UseTemplate>
</Template>

<Template Name="AIRBUS_Push_ILS_Template">
	<DefaultTemplateParameters>
		<ID>1</ID>
		<!--<ON_TOOLTIP>COCKPIT.TOOLTIPS.EFIS_PANEL_ILS_INFO_TURN_OFF</ON_TOOLTIP>
		<OFF_TOOLTIP>COCKPIT.TOOLTIPS.EFIS_PANEL_ILS_INFO_TURN_ON</OFF_TOOLTIP> -->
	</DefaultTemplateParameters>
	
	<UseTemplate Name="AIRLINER_GlassCockpit_Push_Template">
		<BTN_ID>LS</BTN_ID>
		<PLANE_PREFIX>A320_Neo</PLANE_PREFIX>
	</UseTemplate>
</Template>

<Template Name="AIRBUS_Push_CSTR_Template">
	<DefaultTemplateParameters>
		<ID>1</ID>
	</DefaultTemplateParameters>
	
	<UseTemplate Name="AIRLINER_GlassCockpit_Push_Template">
		<BTN_ID>CSTR</BTN_ID>
		<PLANE_PREFIX>A320_Neo</PLANE_PREFIX>
	</UseTemplate>
</Template>

<Template Name="AIRBUS_Push_VORD_Template">
	<DefaultTemplateParameters>
		<ID>1</ID>

	</DefaultTemplateParameters>
	
	<UseTemplate Name="AIRLINER_GlassCockpit_Push_Template">
		<BTN_ID>VORD</BTN_ID>
		<PLANE_PREFIX>A320_Neo</PLANE_PREFIX>
	</UseTemplate>
</Template>

<Template Name="AIRBUS_Push_WPT_Template">
	<DefaultTemplateParameters>
		<ID>1</ID>
	</DefaultTemplateParameters>
	
	<UseTemplate Name="AIRLINER_GlassCockpit_Push_Template">
		<BTN_ID>WPT</BTN_ID>
		<PLANE_PREFIX>A320_Neo</PLANE_PREFIX>
	</UseTemplate>
</Template>

<Template Name="AIRBUS_Push_NDB_Template">
	<DefaultTemplateParameters>
		<ID>1</ID>
	</DefaultTemplateParameters>
	
	<UseTemplate Name="AIRLINER_GlassCockpit_Push_Template">
		<BTN_ID>NDB</BTN_ID>
		<PLANE_PREFIX>A320_Neo</PLANE_PREFIX>
	</UseTemplate>
</Template>

<Template Name="AIRBUS_Push_ARPT_Template">
	<DefaultTemplateParameters>
		<ID>1</ID>
	</DefaultTemplateParameters>
	
	<UseTemplate Name="AIRLINER_GlassCockpit_Push_Template">
		<BTN_ID>ARPT</BTN_ID>
		<PLANE_PREFIX>A320_Neo</PLANE_PREFIX>
	</UseTemplate>
</Template>

<Template Name="AIRBUS_Push_Heading_Track_Template">
	<DefaultTemplateParameters>
		<NODE_ID>AIRBUS_Push_Heading_Track</NODE_ID>
		<ANIM_NAME>AIRBUS_Push_Heading_Track</ANIM_NAME>
		<PART_ID>AIRBUS_Push_Heading_Track</PART_ID> 
		<WWISE_EVENT_1>autopilot_push_button2_on</WWISE_EVENT_1>
		<WWISE_EVENT_2>autopilot_push_button2_off</WWISE_EVENT_2>
		<NORMALIZED_TIME_1>0.1</NORMALIZED_TIME_1>
		<NORMALIZED_TIME_2>0.5</NORMALIZED_TIME_2>  
		<TOOLTIPID>%((L:XMLVAR_TRK_FPA_MODE_ACTIVE, bool))%{if}TT:COCKPIT.TOOLTIPS.HDGVS_TRK_SET_HDG%{else}TT:COCKPIT.TOOLTIPS.HDGVS_TRK_SET_TRK%{end}</TOOLTIPID>
	</DefaultTemplateParameters>
	
	<Component ID="#NODE_ID#" Node="#NODE_ID#">
		<UseTemplate Name="GT_Push_Button">
			<LEFT_SINGLE_CODE>(L:XMLVAR_TRK_FPA_MODE_ACTIVE) ! (&gt;L:XMLVAR_TRK_FPA_MODE_ACTIVE)</LEFT_SINGLE_CODE><!-- TODO -->
		</UseTemplate>
	</Component>
</Template>

<Template Name="AIRBUS_Push_Metric_Alt_Template">
	<DefaultTemplateParameters>
		<NODE_ID>AIRBUS_Push_Metric_Alt</NODE_ID>
		<ANIM_NAME>AIRBUS_Push_Metric_Alt</ANIM_NAME>
		<PART_ID>AIRBUS_Push_Metric_Alt</PART_ID>
		<WWISE_EVENT_1>autopilot_push_button2_on</WWISE_EVENT_1>
		<WWISE_EVENT_2>autopilot_push_button2_off</WWISE_EVENT_2>
		<NORMALIZED_TIME_1>0.1</NORMALIZED_TIME_1>
		<NORMALIZED_TIME_2>0.5</NORMALIZED_TIME_2>
		<!--<TOOLTIPID>%((L:XMLVAR_PLACEHOLDER_PMA_VAR, bool))%{if}TT:COCKPIT.TOOLTIPS.AUTOPILOT_PANEL_METRIC_ALT_TURN_OFF%{else}TT:COCKPIT.TOOLTIPS.AUTOPILOT_PANEL_METRIC_ALT_TURN_OFF%{end}</TOOLTIPID>-->
		<!-- !!NOTE TO DEV !!
		REPLACE L:XMLVAR_PLACEHOLDER_PMA_VAR by the actual name of the correct variable when this button is coded !! (+uncomment the TT) -->
 		
	</DefaultTemplateParameters>
	
	<Component ID="#NODE_ID#" Node="#NODE_ID#">
		<UseTemplate Name="GT_Push_Button">
			<LEFT_SINGLE_CODE>0</LEFT_SINGLE_CODE><!-- TODO -->
		</UseTemplate>
	</Component>
</Template>

<Template Name="AIRBUS_Switch_Altitude_Increment_Template">
	<DefaultTemplateParameters>
		<NODE_ID>AIRBUS_Switch_Altitude_Increment</NODE_ID>
		<ANIM_NAME>AIRBUS_Switch_Altitude_Increment</ANIM_NAME>
		<PART_ID>AIRBUS_Switch_Altitude_Increment</PART_ID>
		<ANIMTIP_0>TT:COCKPIT.TOOLTIPS.AUTOPILOT_PANEL_ALTITUDE_INCREMENT_SET_1000</ANIMTIP_0>
		<ANIMTIP_1>TT:COCKPIT.TOOLTIPS.AUTOPILOT_PANEL_ALTITUDE_INCREMENT_SET_100</ANIMTIP_1>
	</DefaultTemplateParameters>
	
	<Update Once="True">
		1000 (&gt;L:XMLVAR_Autopilot_Altitude_Increment)
	</Update>
	
	<Component ID="#NODE_ID#" Node="#NODE_ID#"> 
		<UseTemplate Name="GT_Switch_Code">
			<LEFT_SINGLE_CODE>100 (L:XMLVAR_Autopilot_Altitude_Increment) == if{ 1000 (&gt;L:XMLVAR_Autopilot_Altitude_Increment) } els{ 100 (&gt;L:XMLVAR_Autopilot_Altitude_Increment) } </LEFT_SINGLE_CODE>
			<ANIM_CODE>1000 (L:XMLVAR_Autopilot_Altitude_Increment) == 100 *</ANIM_CODE>
		</UseTemplate>
	</Component>
</Template>

<Template Name="AIRBUS_Push_Transfer_Template">
	<DefaultTemplateParameters>
		<NODE_ID>AIRBUS_Push_Transfer</NODE_ID>
		<ANIM_NAME>AIRBUS_Push_Transfer</ANIM_NAME>
		<PART_ID>AIRBUS_Push_Transfer</PART_ID> 
		<ID>1</ID>
		<WWISE_EVENT_1>transfer_push_button_on</WWISE_EVENT_1>
		<WWISE_EVENT_2>transfer_push_button_on</WWISE_EVENT_2>
	</DefaultTemplateParameters>
	
	<Component ID="#NODE_ID#" Node="#NODE_ID#">
		<UseTemplate Name="GT_Push_Button">
			<LEFT_SINGLE_CODE>0</LEFT_SINGLE_CODE><!-- TODO -->
		</UseTemplate>
	</Component>
</Template>

<Template Name="AIRBUS_NAV_AID_SWITCH_SubTemplate">
	<DefaultTemplateParameters>
		<ANIM_NAME>#BASE_NAME#</ANIM_NAME>
		<NODE_ID>#BASE_NAME#</NODE_ID>
		<PART_ID>#BASE_NAME#</PART_ID>
		<STATE_VAR_NAME>XMLVAR_#BASE_NAME#_State</STATE_VAR_NAME>
		<WWISE_EVENT>nav_aid_switch</WWISE_EVENT>

	</DefaultTemplateParameters>
	<Component ID="#NODE_ID#" Node="#NODE_ID#">
		<UseTemplate Name="GT_Switch_3States">
			<SWITCH_DIRECTION>Horizontal</SWITCH_DIRECTION>
			<CODE_POS_0>
				(* LEFT *)
				1 (&gt;L:#STATE_VAR_NAME#)
			</CODE_POS_0>
			<CODE_POS_1>
				(* OFF *)
				0 (&gt;L:#STATE_VAR_NAME#)
			</CODE_POS_1>
			<CODE_POS_2>
				(* RIGHT *)
				2 (&gt;L:#STATE_VAR_NAME#)
			</CODE_POS_2>
			<STATE0_TEST>(L:#STATE_VAR_NAME#) 1 ==</STATE0_TEST>
			<STATE1_TEST>(L:#STATE_VAR_NAME#) 0 ==</STATE1_TEST>
			<STATE2_TEST>(L:#STATE_VAR_NAME#) 2 ==</STATE2_TEST>
			
		</UseTemplate>
	</Component>
</Template>

<Template Name="AIRBUS_NAV_AID_SWITCH_Template">
	<DefaultTemplateParameters>
		<BASE_NAME>UNKNOWN</BASE_NAME>
		<ANIMREF_ID>0</ANIMREF_ID>
		<ANIMCURSOR_MAX>1</ANIMCURSOR_MAX>
		<ANIMTIP_0_ON_PERCENT>0</ANIMTIP_0_ON_PERCENT>
		<ANIMTIP_1_ON_PERCENT>.5</ANIMTIP_1_ON_PERCENT>
		<ANIMTIP_2_ON_PERCENT>1</ANIMTIP_2_ON_PERCENT>
		<ANIMTIP_0>EE</ANIMTIP_0>
		<ANIMTIP_1>FF</ANIMTIP_1>
		<ANIMTIP_2>CC</ANIMTIP_2>
	</DefaultTemplateParameters>
	
	<UseTemplate Name="AIRBUS_NAV_AID_SWITCH_SubTemplate">
	</UseTemplate>
</Template>

<Template Name="AIRBUS_Push_TERRONND_Template">
	<DefaultTemplateParameters>
		<ID>1</ID>
	</DefaultTemplateParameters>
	
	<UseTemplate Name="AIRBUS_Push_TERRONND_SubTemplate">
	</UseTemplate>
</Template>

<Template Name="AIRBUS_Push_TERRONND_SubTemplate">
	<DefaultTemplateParameters>
		<NODE_ID>AIRBUS_Push_TERRONND</NODE_ID>
		<ANIM_NAME>AIRBUS_Push_TERRONND</ANIM_NAME>
		<PART_ID>AIRBUS_Push_TERRONND</PART_ID>  
		<WWISE_EVENT_1>autopilot_push_button_on</WWISE_EVENT_1>
		<WWISE_EVENT_2>autopilot_push_button_off</WWISE_EVENT_2>
		<NORMALIZED_TIME_1>0.1</NORMALIZED_TIME_1>
		<NORMALIZED_TIME_2>0.5</NORMALIZED_TIME_2>
		<TOOLTIPID>%((L:BTN_TERRONND_ACTIVE, Bool))%{if}TT:COCKPIT.TOOLTIPS.TERRAIN_ON_ND_TURN_OFF%{else}TT:COCKPIT.TOOLTIPS.TERRAIN_ON_ND_TURN_ON%{en}</TOOLTIPID>
	</DefaultTemplateParameters>
	
	<UseTemplate Name="AIRLINER_SubNodes_Setter_Template">
		<TEMPLATE_TO_CALL>GT_Push_Button_Airliner</TEMPLATE_TO_CALL>
		<LEFT_SINGLE_CODE>(&gt;H:A320_Neo_MFD_BTN_TERRONND)</LEFT_SINGLE_CODE>
		<SEQ1_EMISSIVE_CODE>0</SEQ1_EMISSIVE_CODE>
		<SEQ2_EMISSIVE_CODE>(L:BTN_TERRONND_ACTIVE)</SEQ2_EMISSIVE_CODE>
	</UseTemplate>
</Template>

<Template Name="ECAM_PAGE_BUTTON_SubTemplate">
	<DefaultTemplateParameters>
		<NODE_ID>PUSH_ECAM_#BASE_NAME#</NODE_ID>
		<ANIM_NAME_BUTTON>PUSH_ECAM_#BASE_NAME#</ANIM_NAME_BUTTON>
		<LED_NODE_ID>PUSH_ECAM_#BASE_NAME#_SEQ2</LED_NODE_ID>
		<BACKLIGHT_NODE_ID>PUSH_ECAM_#BASE_NAME#_SEQ1</BACKLIGHT_NODE_ID>
		<EVENT_NAME>A320_Neo_EICAS_2_ECAM_CHANGE_PAGE_#BASE_NAME#</EVENT_NAME>
		<CURRENT_BUTTON_VAR_NAME>XMLVAR_ECAM_CURRENT_PAGE</CURRENT_BUTTON_VAR_NAME>
		<WWISE_EVENT_1>radio_push_button_on</WWISE_EVENT_1>
		<NORMALIZED_TIME_1>0.1</NORMALIZED_TIME_1>
		<WWISE_EVENT_2>radio_push_button_off</WWISE_EVENT_2>
		<NORMALIZED_TIME_2>0.5</NORMALIZED_TIME_2>
	</DefaultTemplateParameters>
	
	<Component ID="#NODE_ID#" Node="#NODE_ID#">
		<UseTemplate Name="GT_Push_Button">
			<ANIM_NAME>#ANIM_NAME_BUTTON#</ANIM_NAME>
			<LEFT_SINGLE_CODE>
				#GROUP_INDEX# -1 &gt; if{
					(&gt;H:#EVENT_NAME#) #GROUP_INDEX# (&gt;L:#CURRENT_BUTTON_VAR_NAME#)
				}
			</LEFT_SINGLE_CODE>
		</UseTemplate>
	</Component>
	
	<Component ID="#LED_NODE_ID#" Node="#LED_NODE_ID#">
		<UseTemplate Name="GT_Emissive_Gauge">
			<EMISSIVE_CODE>
				#GROUP_INDEX# -1 &gt; if{
					(L:#CURRENT_BUTTON_VAR_NAME#) #GROUP_INDEX# ==
				}
			</EMISSIVE_CODE>
		</UseTemplate>
	</Component>
	
	<Condition Check="POTENTIOMETER">
		<True>
			<Component ID="#BACKLIGHT_NODE_ID#" Node="#BACKLIGHT_NODE_ID#">
				<UseTemplate Name="GT_Emissive_Potentiometer">
				</UseTemplate>
			</Component>
		</True>
	</Condition>
</Template>

<Template Name="ECAM_PAGE_BUTTON_Template">
	<DefaultTemplateParameters>
		<BASE_NAME>UNKNOWN</BASE_NAME>
		<GROUP_INDEX>-1</GROUP_INDEX>
	</DefaultTemplateParameters>
	
	<UseTemplate Name="ECAM_PAGE_BUTTON_SubTemplate">
	</UseTemplate>
</Template>

<Template Name="ECAM_PAGE_SELECTION_Template">
	<UseTemplate Name="ECAM_PAGE_BUTTON_Template">
		<BASE_NAME>FUEL</BASE_NAME>
		<GROUP_INDEX>0</GROUP_INDEX>
		<TOOLTIPID>TT:COCKPIT.TOOLTIPS.PUSH_ECAM_FUEL</TOOLTIPID>
	</UseTemplate>
	
	<UseTemplate Name="ECAM_PAGE_BUTTON_Template">
		<BASE_NAME>ENG</BASE_NAME>
		<GROUP_INDEX>1</GROUP_INDEX>
		<TOOLTIPID>TT:COCKPIT.TOOLTIPS.PUSH_ECAM_ENG</TOOLTIPID>
	</UseTemplate>
	
	<UseTemplate Name="ECAM_PAGE_BUTTON_Template">
		<BASE_NAME>BLEED</BASE_NAME>
		<GROUP_INDEX>-2</GROUP_INDEX> <!--Change to positive to activate-->
		<TOOLTIPID>TT:COCKPIT.TOOLTIPS.INOP TT:COCKPIT.TOOLTIPS.PUSH_ECAM_FUEL</TOOLTIPID>
	</UseTemplate>
	
	<UseTemplate Name="ECAM_PAGE_BUTTON_Template">
		<BASE_NAME>PRESS</BASE_NAME>
		<GROUP_INDEX>-3</GROUP_INDEX> <!--Change to positive to activate-->
		<TOOLTIPID>TT:COCKPIT.TOOLTIPS.INOP TT:COCKPIT.TOOLTIPS.PUSH_ECAM_PRESS</TOOLTIPID>
	</UseTemplate>
	
	<UseTemplate Name="ECAM_PAGE_BUTTON_Template">
		<BASE_NAME>ELEC</BASE_NAME>
		<GROUP_INDEX>-4</GROUP_INDEX> <!--Change to positive to activate-->
		<TOOLTIPID>TT:COCKPIT.TOOLTIPS.INOP TT:COCKPIT.TOOLTIPS.PUSH_ECAM_ELEC</TOOLTIPID>
	</UseTemplate>
	
	<UseTemplate Name="ECAM_PAGE_BUTTON_Template">
		<BASE_NAME>HYD</BASE_NAME>
		<GROUP_INDEX>-5</GROUP_INDEX> <!--Change to positive to activate-->
		<TOOLTIPID>TT:COCKPIT.TOOLTIPS.INOP TT:COCKPIT.TOOLTIPS.PUSH_ECAM_HYD</TOOLTIPID>
	</UseTemplate>
	
	<UseTemplate Name="ECAM_PAGE_BUTTON_Template">
		<BASE_NAME>APU</BASE_NAME>
		<GROUP_INDEX>-6</GROUP_INDEX> <!--Change to positive to activate-->
		<TOOLTIPID>TT:COCKPIT.TOOLTIPS.INOP TT:COCKPIT.TOOLTIPS.PUSH_ECAM_APU</TOOLTIPID>
	</UseTemplate>
	
	<UseTemplate Name="ECAM_PAGE_BUTTON_Template">
		<BASE_NAME>COND</BASE_NAME>
		<GROUP_INDEX>-7</GROUP_INDEX> <!--Change to positive to activate-->
		<TOOLTIPID>TT:COCKPIT.TOOLTIPS.INOP TT:COCKPIT.TOOLTIPS.PUSH_ECAM_COND</TOOLTIPID>
	</UseTemplate>
	
	<UseTemplate Name="ECAM_PAGE_BUTTON_Template">
		<BASE_NAME>DOOR</BASE_NAME>
		<GROUP_INDEX>-8</GROUP_INDEX> <!--Change to positive to activate-->
		<TOOLTIPID>TT:COCKPIT.TOOLTIPS.INOP TT:COCKPIT.TOOLTIPS.PUSH_ECAM_DOOR</TOOLTIPID>
	</UseTemplate>
	
	<UseTemplate Name="ECAM_PAGE_BUTTON_Template">
		<BASE_NAME>WHEEL</BASE_NAME>
		<GROUP_INDEX>-9</GROUP_INDEX> <!--Change to positive to activate-->
		<TOOLTIPID>TT:COCKPIT.TOOLTIPS.INOP TT:COCKPIT.TOOLTIPS.PUSH_ECAM_WHEEL</TOOLTIPID>
	</UseTemplate>
	
	<UseTemplate Name="ECAM_PAGE_BUTTON_Template">
		<BASE_NAME>FTCL</BASE_NAME>
		<GROUP_INDEX>-10</GROUP_INDEX> <!--Change to positive to activate-->
		<TOOLTIPID>TT:COCKPIT.TOOLTIPS.INOP TT:COCKPIT.TOOLTIPS.PUSH_ECAM_FTCL</TOOLTIPID>
	</UseTemplate>
</Template>

<Template Name="AIRBUS_Push_Fuel_Pump_Template">
	<DefaultTemplateParameters>
		<NODE_ID>AIRBUS_Push_Fuel_Pump</NODE_ID>
		<ANIM_NAME>AIRBUS_Push_Fuel_Pump</ANIM_NAME>
		<PART_ID>AIRBUS_Push_Fuel_Pump</PART_ID> 
		<ID>1</ID>
		<LEFT_SINGLE_CODE/>
	</DefaultTemplateParameters>
	
	<UseTemplate Name="AIRLINER_SubNodes_Setter_Template">
		<TEMPLATE_TO_CALL>GT_Push_Button_Airliner</TEMPLATE_TO_CALL>
		<LEFT_SINGLE_CODE>#LEFT_SINGLE_CODE# #ID# (&gt;K:FUELSYSTEM_PUMP_TOGGLE)</LEFT_SINGLE_CODE>
		<SEQ1_EMISSIVE_CODE>0</SEQ1_EMISSIVE_CODE>
		<SEQ2_EMISSIVE_CODE>(A:FUELSYSTEM PUMP SWITCH:#ID#, Enum) 0 ==</SEQ2_EMISSIVE_CODE>
	</UseTemplate>
</Template>

<Template Name="AIRBUS_Push_Fuel_Valve_Template">
	<DefaultTemplateParameters>
		<NODE_ID>AIRBUS_Push_Fuel_Valve</NODE_ID>
		<ANIM_NAME>AIRBUS_Push_Fuel_Valve</ANIM_NAME>
		<PART_ID>AIRBUS_Push_Fuel_Valve</PART_ID> 
		<ID>1</ID>
		<SEQ1_EMISSIVE_CODE>(A:FUELSYSTEM VALVE OPEN:#ID#, Bool)</SEQ1_EMISSIVE_CODE>
		<SEQ2_EMISSIVE_CODE>(A:FUELSYSTEM VALVE SWITCH:#ID#, Bool)</SEQ2_EMISSIVE_CODE>
		<LEFT_SINGLE_CODE/>
		<OFF_TOOLTIP></OFF_TOOLTIP>
		<ON_TOOLTIP></ON_TOOLTIP>
	</DefaultTemplateParameters>
	
	<UseTemplate Name="AIRLINER_SubNodes_Setter_Template">
		<TEMPLATE_TO_CALL>GT_Push_Button_Airliner</TEMPLATE_TO_CALL>
		<LEFT_SINGLE_CODE> #LEFT_SINGLE_CODE# #ID# (&gt;K:FUELSYSTEM_VALVE_TOGGLE)</LEFT_SINGLE_CODE>
		<TOOLTIPID>%((A:FUELSYSTEM VALVE SWITCH:#ID#, Bool) !)%{if}TT:#OFF_TOOLTIP#%{else}TT:#ON_TOOLTIP#%{end}</TOOLTIPID> <!-- use <OFF_TOOLTIP></OFF_TOOLTIP> <ON_TOOLTIP></ON_TOOLTIP> to define tooltips -->
	</UseTemplate>
</Template>

<Template Name="AIRBUS_Dummy_Radio">
	<DefaultTemplateParameters>
	</DefaultTemplateParameters>
	
	<UseTemplate Name="AIRBUS_Push_Dummy_Template">
		<NODE_ID>#NODE_ID_CALL1#</NODE_ID>
		<POTENTIOMETER_SEQ2>#POTENTIOMETER#</POTENTIOMETER_SEQ2>
	</UseTemplate>
	<UseTemplate Name="AIRBUS_Push_Dummy_Template">
		<NODE_ID>#NODE_ID_CALL2#</NODE_ID>
		<POTENTIOMETER_SEQ2>#POTENTIOMETER#</POTENTIOMETER_SEQ2>
	</UseTemplate>
	<UseTemplate Name="AIRBUS_Push_Dummy_Template">
		<NODE_ID>#NODE_ID_CALL3#</NODE_ID>
		<POTENTIOMETER_SEQ2>#POTENTIOMETER#</POTENTIOMETER_SEQ2>
	</UseTemplate>
	<UseTemplate Name="AIRBUS_Push_Dummy_Template">
		<NODE_ID>#NODE_ID_CALL4#</NODE_ID>
		<POTENTIOMETER_SEQ2>#POTENTIOMETER#</POTENTIOMETER_SEQ2>
	</UseTemplate>
	<UseTemplate Name="AIRBUS_Push_Dummy_Template">
		<NODE_ID>#NODE_ID_CALL5#</NODE_ID>
		<POTENTIOMETER_SEQ2>#POTENTIOMETER#</POTENTIOMETER_SEQ2>
	</UseTemplate>
	<UseTemplate Name="AIRBUS_Push_Dummy_Template">
		<NODE_ID>#NODE_ID_MECH#</NODE_ID>
		<POTENTIOMETER_SEQ2>#POTENTIOMETER#</POTENTIOMETER_SEQ2>
	</UseTemplate>
	<UseTemplate Name="AIRBUS_Push_Dummy_Template">
		<NODE_ID>#NODE_ID_ATT#</NODE_ID>
		<POTENTIOMETER_SEQ2>#POTENTIOMETER#</POTENTIOMETER_SEQ2>
	</UseTemplate>
	<UseTemplate Name="AIRBUS_Push_Dummy_Template">
		<NODE_ID>#NODE_ID_VOICE#</NODE_ID>
		<POTENTIOMETER_SEQ2>#POTENTIOMETER#</POTENTIOMETER_SEQ2>
	</UseTemplate>
	<UseTemplate Name="AIRBUS_Push_Dummy_Template">
		<NODE_ID>#NODE_ID_RESET#</NODE_ID>
		<ONLY_SEQ2/>
		<POTENTIOMETER_SEQ2>#POTENTIOMETER#</POTENTIOMETER_SEQ2>
	</UseTemplate>
	<UseTemplate Name="AIRBUS_Push_Dummy_Template">
		<NODE_ID>#NODE_ID_PA#</NODE_ID>
		<ONLY_SEQ1/>
	</UseTemplate>
</Template>

<Template Name="AIRBUS_Push_ELAC_Template">
	<DefaultTemplateParameters>
		<ID>1</ID>
	</DefaultTemplateParameters>
	
	<UseTemplate Name="AIRBUS_Push_ELAC_SubTemplate">
	</UseTemplate>
</Template>

<Template Name="AIRBUS_Push_ELAC_SubTemplate">
	<DefaultTemplateParameters>
		<NODE_ID>AIRBUS_Push_ELAC_#ID#</NODE_ID>
		<ANIM_NAME>AIRBUS_Push_ELAC_#ID#</ANIM_NAME>
		<PART_ID>AIRBUS_Push_ELAC</PART_ID> 
		<SEQ1_EMISSIVE_CODE>(A:FLY BY WIRE ELAC FAILED:#ID#, Bool)</SEQ1_EMISSIVE_CODE>
		<SEQ2_EMISSIVE_CODE>(A:FLY BY WIRE ELAC SWITCH:#ID#, Bool) !</SEQ2_EMISSIVE_CODE>
		<LEFT_SINGLE_CODE/>
		<WWISE_EVENT_1>elac_push_button_on</WWISE_EVENT_1>
		<WWISE_EVENT_2>elac_push_button_off</WWISE_EVENT_2>
		<TOOLTIPID>%((A:FLY BY WIRE ELAC SWITCH:#ID#, Bool) !)%{if}TT:COCKPIT.TOOLTIPS.ELAC#ID#_TURN_ON%{else}TT:COCKPIT.TOOLTIPS.ELAC#ID#_TURN_OFF%{end}</TOOLTIPID>
	</DefaultTemplateParameters>
	
	<UseTemplate Name="AIRLINER_SubNodes_Setter_Template">
		<TEMPLATE_TO_CALL>GT_Push_Button_Airliner</TEMPLATE_TO_CALL>
		<LEFT_SINGLE_CODE> #LEFT_SINGLE_CODE# #ID# (&gt;K:FLY_BY_WIRE_ELAC_TOGGLE)</LEFT_SINGLE_CODE>
		
	</UseTemplate>
</Template>

<Template Name="AIRBUS_Push_SEC_Template">
	<DefaultTemplateParameters>
		<ID>1</ID>
	</DefaultTemplateParameters>
	
	<UseTemplate Name="AIRBUS_Push_SEC_SubTemplate">
	</UseTemplate>
</Template>

<Template Name="AIRBUS_Push_SEC_SubTemplate">
	<DefaultTemplateParameters>
		<NODE_ID>AIRBUS_Push_SEC_#ID#</NODE_ID>
		<ANIM_NAME>AIRBUS_Push_SEC_#ID#</ANIM_NAME>
		<PART_ID>AIRBUS_Push_SEC</PART_ID> 
		<SEQ1_EMISSIVE_CODE>(A:FLY BY WIRE SEC FAILED:#ID#, Bool)</SEQ1_EMISSIVE_CODE>
		<SEQ2_EMISSIVE_CODE>(A:FLY BY WIRE SEC SWITCH:#ID#, Bool) !</SEQ2_EMISSIVE_CODE>
		<LEFT_SINGLE_CODE/>
		<WWISE_EVENT_1>elac_push_button_on</WWISE_EVENT_1>
		<WWISE_EVENT_2>elac_push_button_off</WWISE_EVENT_2>
		<TOOLTIPID>%((A:FLY BY WIRE SEC SWITCH:#ID#, Bool) !)%{if}TT:COCKPIT.TOOLTIPS.SEC#ID#_TURN_ON%{else}TT:COCKPIT.TOOLTIPS.SEC#ID#_TURN_OFF%{end}</TOOLTIPID>
	</DefaultTemplateParameters>
	
	<UseTemplate Name="AIRLINER_SubNodes_Setter_Template">
		<TEMPLATE_TO_CALL>GT_Push_Button_Airliner</TEMPLATE_TO_CALL>
		<LEFT_SINGLE_CODE> #LEFT_SINGLE_CODE# #ID# (&gt;K:FLY_BY_WIRE_SEC_TOGGLE)</LEFT_SINGLE_CODE>
	</UseTemplate>
</Template>

<Template Name="AIRBUS_Push_FAC_Template">
	<DefaultTemplateParameters>
		<ID>1</ID>
		<WWISE_EVENT_1>elac_push_button_on</WWISE_EVENT_1>
		<WWISE_EVENT_2>elac_push_button_off</WWISE_EVENT_2>
		<TOOLTIPID>%((A:FLY BY WIRE FAC SWITCH:#ID#, Bool) !)%{if}TT:COCKPIT.TOOLTIPS.FAC#ID#_TURN_ON%{else}TT:COCKPIT.TOOLTIPS.FAC#ID#_TURN_OFF%{end}</TOOLTIPID>
	</DefaultTemplateParameters>
	
	<UseTemplate Name="AIRBUS_Push_FAC_SubTemplate">
	</UseTemplate>
</Template>

<Template Name="AIRBUS_Push_FAC_SubTemplate">
	<DefaultTemplateParameters>
		<NODE_ID>AIRBUS_Push_FAC_#ID#</NODE_ID>
		<ANIM_NAME>AIRBUS_Push_FAC_#ID#</ANIM_NAME>
		<PART_ID>AIRBUS_Push_FAC</PART_ID> 
		<SEQ1_EMISSIVE_CODE>(A:FLY BY WIRE FAC FAILED:#ID#, Bool)</SEQ1_EMISSIVE_CODE>
		<SEQ2_EMISSIVE_CODE>(A:FLY BY WIRE FAC SWITCH:#ID#, Bool) !</SEQ2_EMISSIVE_CODE>
		<LEFT_SINGLE_CODE/>
	</DefaultTemplateParameters>
	
	<UseTemplate Name="AIRLINER_SubNodes_Setter_Template">
		<TEMPLATE_TO_CALL>GT_Push_Button_Airliner</TEMPLATE_TO_CALL>
		<LEFT_SINGLE_CODE> #LEFT_SINGLE_CODE# #ID# (&gt;K:FLY_BY_WIRE_FAC_TOGGLE)</LEFT_SINGLE_CODE>
	</UseTemplate>
</Template>

<Template Name="AIRBUS_Update_PTU_Template">
	<DefaultTemplateParameters>
		<MIN_N1>19</MIN_N1>
	</DefaultTemplateParameters>
	<UseTemplate Name="GT_Update">
		<FREQUENCY>1</FREQUENCY>
		<UPDATE_CODE>
			(A:TURB ENG N1:1, Percent) #MIN_N1# &gt; (A:GENERAL ENG COMBUSTION:1, Bool) and
			(A:TURB ENG N1:2, Percent) #MIN_N1# &gt; (A:GENERAL ENG COMBUSTION:2, Bool) and + 1 == (&gt;L:XMLVAR_PTU_ON)
		</UPDATE_CODE>
	</UseTemplate>
</Template>

<Template Name="AIRBUS_WeatherRadar_Template">
	<DefaultTemplateParameters>
		<NODE_ID_MODE_KNOB>AIRBUS_Knob_WeatherRader_Mode</NODE_ID_MODE_KNOB>
		<ANIM_NAME_MODE_KNOB>AIRBUS_Knob_WeatherRader_Mode</ANIM_NAME_MODE_KNOB>
		<NODE_ID_ONOFF_SWITCH>AIRBUS_Switch_WeatherRader_OnOff</NODE_ID_ONOFF_SWITCH>
		<ANIM_NAME_ONOFF_SWITCH>AIRBUS_Switch_WeatherRader_OnOff</ANIM_NAME_ONOFF_SWITCH>
		<WWISE_EVENT>radar_mode_knob</WWISE_EVENT>
		<WWISE_EVENT_1>radar_sys_switch_on</WWISE_EVENT_1>
		<WWISE_EVENT_2>radar_sys_switch_off</WWISE_EVENT_2>
	</DefaultTemplateParameters>
	
	<Component ID="#NODE_ID_ONOFF_SWITCH#" Node="#NODE_ID_ONOFF_SWITCH#">
		<UseTemplate Name="GT_Switch_XStates">
			<ANIM_NAME>#ANIM_NAME_ONOFF_SWITCH#</ANIM_NAME>
			<NUM_STATES>3</NUM_STATES>
			<SWITCH_POSITION_TYPE>L</SWITCH_POSITION_TYPE>
			<SWITCH_POSITION_VAR>XMLVAR_A320_WeatherRadar_Sys</SWITCH_POSITION_VAR>
			<SWITCH_DIRECTION>Horizontal</SWITCH_DIRECTION>
			<ANIMREF_ID>0</ANIMREF_ID>
			<ANIMTIP_0_ON_PERCENT>0</ANIMTIP_0_ON_PERCENT>
			<ANIMTIP_1_ON_PERCENT>.5</ANIMTIP_1_ON_PERCENT>
			<ANIMTIP_2_ON_PERCENT>1</ANIMTIP_2_ON_PERCENT>
			<ANIMTIP_0>TT:COCKPIT.TOOLTIPS.RADAR_SYS_SET_1</ANIMTIP_0>
			<ANIMTIP_1>TT:COCKPIT.TOOLTIPS.RADAR_SYS_SET_OFF</ANIMTIP_1>
			<ANIMTIP_2>TT:COCKPIT.TOOLTIPS.RADAR_SYS_SET_2</ANIMTIP_2>
		</UseTemplate>
	</Component>
	<Component ID="#NODE_ID_MODE_KNOB#" Node="#NODE_ID_MODE_KNOB#">
		<UseTemplate Name="GT_Switch_XStates">
			<ANIM_NAME>#ANIM_NAME_MODE_KNOB#</ANIM_NAME>
			<NUM_STATES>4</NUM_STATES>
			<SWITCH_DIRECTION>Horizontal</SWITCH_DIRECTION>
			<ARROW_TYPE>Curved</ARROW_TYPE>
			<SWITCH_POSITION_TYPE>L</SWITCH_POSITION_TYPE>
			<SWITCH_POSITION_VAR>XMLVAR_A320_WeatherRadar_Mode</SWITCH_POSITION_VAR>
			<ANIMREF_ID>0</ANIMREF_ID>
			<ANIMCURSOR_MIN>0</ANIMCURSOR_MIN>
			<ANIMCURSOR_MAX>1</ANIMCURSOR_MAX>
			<ANIMTIP_0_ON_PERCENT>0</ANIMTIP_0_ON_PERCENT>
			<ANIMTIP_1_ON_PERCENT>.33</ANIMTIP_1_ON_PERCENT>
			<ANIMTIP_2_ON_PERCENT>.66</ANIMTIP_2_ON_PERCENT>
			<ANIMTIP_3_ON_PERCENT>1</ANIMTIP_3_ON_PERCENT>
			<ANIMTIP_0>TT:COCKPIT.TOOLTIPS.RADAR_MODE_SET_WX</ANIMTIP_0>
			<ANIMTIP_1>TT:COCKPIT.TOOLTIPS.RADAR_MODE_SET_WX_PLUS_T</ANIMTIP_1>
			<ANIMTIP_2>TT:COCKPIT.TOOLTIPS.RADAR_MODE_SET_TURB</ANIMTIP_2>
			<ANIMTIP_3>TT:COCKPIT.TOOLTIPS.RADAR_MODE_SET_MAP</ANIMTIP_3>
		</UseTemplate>
	</Component>
</Template>