<Include Path="TRANSPONDER\Transponder.xml"/>
<Template Name="AIRLINER_ATC_BUTTON_Template">
	<DefaultTemplateParameters>
		<NODE_ID>#BUTTON_NAME#</NODE_ID>
		<NODE_ID_SEQ1>#BUTTON_NAME##SEQ1_SUFFIX#</NODE_ID_SEQ1>
		<ANIM_NAME_BUTTON>#BUTTON_NAME#</ANIM_NAME_BUTTON>
		<EVENT_NAME>#EVENT_TARGET#_BTN_#BUTTON_ID#</EVENT_NAME>
		<WWISE_EVENT_1>atc_push_button_on</WWISE_EVENT_1>
		<NORMALIZED_TIME_1>0.1</NORMALIZED_TIME_1>
		<WWISE_EVENT_2>atc_push_button_off</WWISE_EVENT_2>
		<NORMALIZED_TIME_2>0.5</NORMALIZED_TIME_2>
	</DefaultTemplateParameters>
	
	<Component ID="#NODE_ID#" Node="#NODE_ID#">
		<UseTemplate Name="GT_Push_Button">
			<ANIM_NAME>#ANIM_NAME_BUTTON#</ANIM_NAME>
			<LEFT_SINGLE_CODE>
				(&gt;H:#EVENT_NAME#)
			</LEFT_SINGLE_CODE>
		</UseTemplate>
		<Condition Check="NO_SEQ1">
			<False>
				<Component ID="#NODE_ID_SEQ1#" Node="#NODE_ID_SEQ1#">
					<Switch>
						<Case Check="POTENTIOMETER">
							<UseTemplate Name="GT_Emissive_Potentiometer">
							</UseTemplate>
						</Case>
						<Case Check="SIMVAR_POWER_SETTING">
							<UseTemplate Name="GT_Emissive_Power_Setting">
							</UseTemplate>
						</Case>
					</Switch>
				</Component>
			</False>
		</Condition>
	</Component>
</Template>

<Template Name="AIRLINER_ATC_NUMBER_BUTTON_Template">
	<DefaultTemplateParameters>
		<BUTTON_NAME>UNKNOWN</BUTTON_NAME>
		<BUTTON_ID>0</BUTTON_ID>
		<SEQ1_SUFFIX>_SEQ1</SEQ1_SUFFIX>
	</DefaultTemplateParameters>
	
	<UseTemplate Name="AIRLINER_ATC_BUTTON_Template">
	</UseTemplate>
</Template>

<Template Name="AIRLINER_ATC_Template">
	<DefaultTemplateParameters>
		<PUSH_BTN_PREFIX>AIRLINER_ATC_Push_</PUSH_BTN_PREFIX>
		<PUSH_BTN_SUFFIX></PUSH_BTN_SUFFIX>
	</DefaultTemplateParameters>
	<UseTemplate Name="AIRLINER_ATC_SubTemplate">
	</UseTemplate>
</Template>

<Template Name="AIRLINER_ATC_SubTemplate">
	<DefaultTemplateParameters>
		<BUTTON_CLR_NAME>#PUSH_BTN_PREFIX#CLR#PUSH_BTN_SUFFIX#</BUTTON_CLR_NAME>
		<BUTTON_0_NAME>#PUSH_BTN_PREFIX#0#PUSH_BTN_SUFFIX#</BUTTON_0_NAME>
		<BUTTON_1_NAME>#PUSH_BTN_PREFIX#1#PUSH_BTN_SUFFIX#</BUTTON_1_NAME>
		<BUTTON_2_NAME>#PUSH_BTN_PREFIX#2#PUSH_BTN_SUFFIX#</BUTTON_2_NAME>
		<BUTTON_3_NAME>#PUSH_BTN_PREFIX#3#PUSH_BTN_SUFFIX#</BUTTON_3_NAME>
		<BUTTON_4_NAME>#PUSH_BTN_PREFIX#4#PUSH_BTN_SUFFIX#</BUTTON_4_NAME>
		<BUTTON_5_NAME>#PUSH_BTN_PREFIX#5#PUSH_BTN_SUFFIX#</BUTTON_5_NAME>
		<BUTTON_6_NAME>#PUSH_BTN_PREFIX#6#PUSH_BTN_SUFFIX#</BUTTON_6_NAME>
		<BUTTON_7_NAME>#PUSH_BTN_PREFIX#7#PUSH_BTN_SUFFIX#</BUTTON_7_NAME>
		<WWISE_EVENT>atc_transponder_knob</WWISE_EVENT>
		<WWISE_EVENT_1>atc_transponder_push_button_on</WWISE_EVENT_1>
		<WWISE_EVENT_2>atc_transponder_push_button_off</WWISE_EVENT_2>
		<Switch Param="TYPE">
			<Case Value="BOEING">
				<BUTTON_IDENT_NAME>#PUSH_BTN_PREFIX#Ident#PUSH_BTN_SUFFIX#</BUTTON_IDENT_NAME>
				<KNOB_ABVBLW_NAME>AIRLINER_ATC_Knob_</KNOB_ABVBLW_NAME><!-- not used -->
				<KNOB_IDENT_NAME>atc_transponder_push_ident</KNOB_IDENT_NAME>
				<KNOB_XPNDR_NAME>atc_transponder_knob_ident</KNOB_XPNDR_NAME>
				<EVENT_TARGET>B747_8_ATC</EVENT_TARGET>
			</Case>
			<Case Value="AIRBUS">
				<BUTTON_IDENT_NAME>#PUSH_BTN_PREFIX#Ident#PUSH_BTN_SUFFIX#</BUTTON_IDENT_NAME>
				<KNOB_XPNDR_MODE_NODE_ID>Knob_ATC_STBY</KNOB_XPNDR_MODE_NODE_ID>
				<KNOB_XPNDR_MODE_ANIM_NAME>Knob_ATC_STBY</KNOB_XPNDR_MODE_ANIM_NAME>
				<KNOB_XPNDR_ON_OFF_NODE_ID>Knob_ATC_ALT</KNOB_XPNDR_ON_OFF_NODE_ID>
				<KNOB_XPNDR_ON_OFF_ANIM_NAME>Knob_ATC_ALT</KNOB_XPNDR_ON_OFF_ANIM_NAME>
				<EVENT_TARGET>A320_Neo_ATC</EVENT_TARGET>
				<POS_STBY>0</POS_STBY>
				<POS_AUTO>1</POS_AUTO>
				<POS_ON>2</POS_ON>
			</Case>
		</Switch>
	</DefaultTemplateParameters>
	<OverrideTemplateParameters>
		<ATC_BUTTON_COUNT>7</ATC_BUTTON_COUNT>
		<Switch Param="TYPE">
			<Case Value="BOEING">
				<SET_TRANSPONDER_STATE>(&gt;A:TRANSPONDER STATE:1, Enum)</SET_TRANSPONDER_STATE>
				<GET_TRANSPONDER_STATE>(A:TRANSPONDER STATE:1, Enum)</GET_TRANSPONDER_STATE>
				<ENUM_VAL_STBY>1</ENUM_VAL_STBY>
				<ENUM_VAL_ALT>4</ENUM_VAL_ALT>
				<ENUM_VAL_ON>3</ENUM_VAL_ON>
			</Case>
			<Case Value="AIRBUS">
				<CHECK_VAL_STBY>1 == (I:XMLVAR_Auto) ! and</CHECK_VAL_STBY>
				<CHECK_VAL_AUTO>(I:XMLVAR_Auto) 0 &gt;</CHECK_VAL_AUTO>
				<CHECK_VAL_ON>4 3 (I:XMLVAR_ALT_MODE_REQUESTED) ? == (I:XMLVAR_Auto) ! and</CHECK_VAL_ON>
				<ENUM_VAL_STBY>1</ENUM_VAL_STBY>
				<ENUM_VAL_ON>4 3 (I:XMLVAR_ALT_MODE_REQUESTED) ?</ENUM_VAL_ON>
				<SET_TRANSPONDER_STATE>(&gt;A:TRANSPONDER STATE:1, Enum)</SET_TRANSPONDER_STATE>
				<GET_TRANSPONDER_STATE>(A:TRANSPONDER STATE:1, Enum)</GET_TRANSPONDER_STATE>
			</Case>
		</Switch>
	</OverrideTemplateParameters>
	<Component ID="AIRLINER_ATC_Shared_Components">
		<UseTemplate Name="GT_Helper_Recursive_ID">
			<EXIT_TEMPLATE>AIRLINER_ATC_NUMBER_BUTTON_Template</EXIT_TEMPLATE>
			<MAX_ID>#ATC_BUTTON_COUNT#</MAX_ID>
			<FIRST_ID>0</FIRST_ID>
			<!-- VV Recursive parameters VV -->
			<!-- BUTTON_ID -->
			<PARAM1>BUTTON_ID</PARAM1>
			<!-- Dyn param -->
			<!-- BUTTON_NAME -->
			<PROCESS_PARAM2>True</PROCESS_PARAM2>
			<PARAM2>BUTTON_NAME</PARAM2>
			<PARAM2_PREFIX>BUTTON_</PARAM2_PREFIX>
			<PARAM2_SUFFIX>_NAME</PARAM2_SUFFIX>
		</UseTemplate>
		<UseTemplate Name="AIRLINER_ATC_NUMBER_BUTTON_Template">
			<BUTTON_NAME>#BUTTON_CLR_NAME#</BUTTON_NAME>
			<BUTTON_ID>CLR</BUTTON_ID>
		</UseTemplate>
	</Component>
	<Switch Param="TYPE">
		<Case Value="BOEING">
			<Component ID="#KNOB_XPNDR_NAME#" Node="#KNOB_XPNDR_NAME#">
				<UseTemplate Name="GT_Switch_5States">
					<ANIM_NAME>#KNOB_XPNDR_NAME#</ANIM_NAME>
					<SWITCH_DIRECTION>Horizontal</SWITCH_DIRECTION>
					<LEFTARROW>TurnLeft</LEFTARROW>
					<RIGHTARROW>TurnRight</RIGHTARROW>
					<CODE_POS_0>
						#ENUM_VAL_STBY# #SET_TRANSPONDER_STATE# 
						0 (&gt;I:XMLVAR_IDENT_Shutdown_Time)
						0 (&gt;L:XMLVAR_Transponder_Mode)
					</CODE_POS_0>
					<CODE_POS_1>
						#ENUM_VAL_ALT# #SET_TRANSPONDER_STATE# 
						1 (&gt;L:XMLVAR_Transponder_Mode)
					</CODE_POS_1>
					<CODE_POS_2>
						#ENUM_VAL_ALT# #SET_TRANSPONDER_STATE# 
						2 (&gt;L:XMLVAR_Transponder_Mode)
					</CODE_POS_2>
					<CODE_POS_3>
						#ENUM_VAL_ALT# #SET_TRANSPONDER_STATE# 
						3 (&gt;L:XMLVAR_Transponder_Mode)
					</CODE_POS_3>
					<CODE_POS_4>
						#ENUM_VAL_ON# #SET_TRANSPONDER_STATE# 
						0 (&gt;L:XMLVAR_Transponder_Mode)
					</CODE_POS_4>
					<STATE0_TEST>#GET_TRANSPONDER_STATE# #ENUM_VAL_STBY# ==</STATE0_TEST>
					<STATE1_TEST>#GET_TRANSPONDER_STATE# #ENUM_VAL_ALT# == (L:XMLVAR_Transponder_Mode) 1 == and</STATE1_TEST>
					<STATE2_TEST>#GET_TRANSPONDER_STATE# #ENUM_VAL_ALT# == (L:XMLVAR_Transponder_Mode) 2 == and</STATE2_TEST>
					<STATE3_TEST>#GET_TRANSPONDER_STATE# #ENUM_VAL_ALT# == (L:XMLVAR_Transponder_Mode) 3 == and</STATE3_TEST>
					<STATE4_TEST>#GET_TRANSPONDER_STATE# #ENUM_VAL_ON# ==</STATE4_TEST>
					
					<ANIMTIP_0>TT:COCKPIT.TOOLTIPS.XPDR_SBY</ANIMTIP_0>
					<ANIMTIP_1>TT:COCKPIT.TOOLTIPS.XPDR_XPDR</ANIMTIP_1>
					<ANIMTIP_2>TT:COCKPIT.TOOLTIPS.XPDR_TA_ONLY</ANIMTIP_2>
					<ANIMTIP_3>TT:COCKPIT.TOOLTIPS.XPDR_TA_RA</ANIMTIP_3>
					<ANIMTIP_4>TT:COCKPIT.TOOLTIPS.XPDR_ALT_RPTG_OFF</ANIMTIP_4>
					
				</UseTemplate>
				<PartID>TRANSPONDER_KNOB</PartID>
			</Component>
			<UseTemplate Name="AIRLINER_ATC_NUMBER_BUTTON_Template">
				<BUTTON_NAME>#KNOB_IDENT_NAME#</BUTTON_NAME>
				<BUTTON_ID>IDENT</BUTTON_ID>
				<NO_SEQ1/>
				<TOOLTIPID>TT:COCKPIT.TOOLTIPS.YOKE_BUTTON_IDENT</TOOLTIPID>
			</UseTemplate>
		</Case>
		<Case Value="AIRBUS">
			<UseTemplate Name="AIRLINER_ATC_NUMBER_BUTTON_Template">
				<BUTTON_NAME>#BUTTON_IDENT_NAME#</BUTTON_NAME>
				<BUTTON_ID>IDENT</BUTTON_ID>
				<NO_SEQ1/>
			</UseTemplate>
			<Component ID="AIRLINER_ATC_Knobs">
				<DefaultTemplateParameters>
					<UPDATE_AUTO_TRANSPONDER_STATE>
						(I:XMLVAR_Auto) if{
							(A:GENERAL ENG COMBUSTION:1, Bool) 
							(A:GENERAL ENG COMBUSTION:2, Bool) or if{
								#ENUM_VAL_ON# #SET_TRANSPONDER_STATE#
							} els{
								#ENUM_VAL_STBY# #SET_TRANSPONDER_STATE#
							}
						}
					</UPDATE_AUTO_TRANSPONDER_STATE>
				</DefaultTemplateParameters>
				<UseTemplate Name="GT_Update">
					<UPDATE_CODE>#UPDATE_AUTO_TRANSPONDER_STATE#</UPDATE_CODE>
				</UseTemplate>
				<Component ID="#KNOB_XPNDR_ON_OFF_NODE_ID#" Node="#KNOB_XPNDR_ON_OFF_NODE_ID#">
					<UseTemplate Name="GT_Switch_Code">
						<LEFT_SINGLE_CODE>
							(I:XMLVAR_ALT_MODE_REQUESTED) ! (&gt;I:XMLVAR_ALT_MODE_REQUESTED) 
							#UPDATE_AUTO_TRANSPONDER_STATE#
						</LEFT_SINGLE_CODE>
						<ANIM_CODE>(I:XMLVAR_ALT_MODE_REQUESTED) 100 *</ANIM_CODE>
						<ANIM_NAME>#KNOB_XPNDR_ON_OFF_ANIM_NAME#</ANIM_NAME>
						<ANIMTIP_0>TT:COCKPIT.TOOLTIPS.ATC_ALT_RPTG_TURN_ON</ANIMTIP_0>
						<ANIMTIP_1>TT:COCKPIT.TOOLTIPS.ATC_ALT_RPTG_TURN_OFF</ANIMTIP_1>
					</UseTemplate>
				</Component>
				<Component ID="#KNOB_XPNDR_MODE_NODE_ID#" Node="#KNOB_XPNDR_MODE_NODE_ID#">
					<UseTemplate Name="GT_Switch_3States">
						<SWITCH_DIRECTION>Horizontal</SWITCH_DIRECTION>
						<LEFTARROW>TurnLeft</LEFTARROW>
						<RIGHTARROW>TurnRight</RIGHTARROW>
						<CODE_POS_#POS_STBY#>0 (&gt;I:XMLVAR_Auto) #ENUM_VAL_STBY# #SET_TRANSPONDER_STATE#</CODE_POS_#POS_STBY#>
						<CODE_POS_#POS_AUTO#>
							1 (&gt;I:XMLVAR_Auto) 
							#UPDATE_AUTO_TRANSPONDER_STATE#
						</CODE_POS_#POS_AUTO#>
						<CODE_POS_#POS_ON#>0 (&gt;I:XMLVAR_Auto) #ENUM_VAL_ON# #SET_TRANSPONDER_STATE#</CODE_POS_#POS_ON#>
						<STATE#POS_STBY#_TEST>#GET_TRANSPONDER_STATE# #CHECK_VAL_STBY#</STATE#POS_STBY#_TEST>
						<STATE#POS_AUTO#_TEST>#CHECK_VAL_AUTO#</STATE#POS_AUTO#_TEST>
						<STATE#POS_ON#_TEST>#GET_TRANSPONDER_STATE# #CHECK_VAL_ON#</STATE#POS_ON#_TEST>
						<ANIM_NAME>#KNOB_XPNDR_MODE_ANIM_NAME#</ANIM_NAME>
						<ANIMCURSOR_MAX>1</ANIMCURSOR_MAX>
						<ANIMTIP_0>TT:COCKPIT.TOOLTIPS.ATC_SET_TO_STBY</ANIMTIP_0>
						<ANIMTIP_1>TT:COCKPIT.TOOLTIPS.ATC_SET_TO_AUTO</ANIMTIP_1>
						<ANIMTIP_2>TT:COCKPIT.TOOLTIPS.ATC_SET_TO_ON</ANIMTIP_2>
					</UseTemplate>
				</Component>
			</Component>
		</Case>
	</Switch>
</Template>

<Template Name="AIRLINER_Update_Shutdown_Lights_On_Takeoff">
	<DefaultTemplateParameters>
		<LIGHT_TYPE_1></LIGHT_TYPE_1>
		<LIGHT_TYPE_2></LIGHT_TYPE_2>
		<LIGHT_TYPE_3></LIGHT_TYPE_3>
	</DefaultTemplateParameters>
	
	<UseTemplate Name="GT_Helper_Recursive_Param_Builder">
		<PARAM_REPEATED_START>0 (&gt;K:</PARAM_REPEATED_START>
		<PARAM_REPEATED_END>)
		</PARAM_REPEATED_END>
		<PARAM_NAME>UPDATE_CODE</PARAM_NAME>
		<PARAM_START>
			(A:SIM ON GROUND, Bool) s1 ! (O:XMLVAR_IsOnGround) and if{ 
		</PARAM_START>
		<PARAM_END>
			}
			l1 (&gt;O:XMLVAR_IsOnGround)
		</PARAM_END>
		<Condition Valid="LIGHT_TYPE_1">
			<True>
				<ID>#LIGHT_TYPE_1#_LIGHTS_SET</ID>
				<Condition Valid="LIGHT_TYPE_2">
					<True>
						<ID2>#LIGHT_TYPE_2#_LIGHTS_SET</ID2>
						<Condition Valid="LIGHT_TYPE_3">
							<True>
								<ID3>#LIGHT_TYPE_2#_LIGHTS_SET</ID3>
							</True>
						</Condition>
					</True>
				</Condition>
			</True>
		</Condition>
		
		<EXIT_TEMPLATE>GT_Update</EXIT_TEMPLATE>
		<FREQUENCY>1</FREQUENCY>
	</UseTemplate>
</Template>

<Template Name="AIRLINER_Update_Set_Potentiometer_On_Takeoff">
	<DefaultTemplateParameters>
		<POTENTIOMETER_AIR_VALUE>0</POTENTIOMETER_AIR_VALUE>
		<POTENTIOMETER_GROUND_VALUE>100</POTENTIOMETER_GROUND_VALUE>
	</DefaultTemplateParameters>
	
	<!-- XMLVAR_IsOnGround value : 0 = Not Init, 1 = False, 2 = True -->
	<UseTemplate Name="GT_Update">
		<UPDATE_CODE>
			(A:SIM ON GROUND, Bool) s1 ! (O:XMLVAR_IsOnGround) 1 != and if{ 
				#POTENTIOMETER_AIR_VALUE# #POTENTIOMETER# (&gt;K:2:LIGHT_POTENTIOMETER_SET)
			} els{
				l1 (O:XMLVAR_IsOnGround) 2 != and if{ 
					#POTENTIOMETER_GROUND_VALUE# #POTENTIOMETER# (&gt;K:2:LIGHT_POTENTIOMETER_SET)
				}
			}
			l1 1 + (&gt;O:XMLVAR_IsOnGround)
		</UPDATE_CODE>
		<FREQUENCY>1</FREQUENCY>
	</UseTemplate>
</Template>

<Template Name="AIRLINER_Update_Set_Potentiometer_On_Gears_Up">
	<DefaultTemplateParameters>
		<POTENTIOMETER_GEAR_UP_VALUE>50</POTENTIOMETER_GEAR_UP_VALUE>
		<POTENTIOMETER_GEAR_DOWN_VALUE>100</POTENTIOMETER_GEAR_DOWN_VALUE>
	</DefaultTemplateParameters>
	
	<!-- XMLVAR_IsGearDown value : 0 = Not Init, 1 = False, 2 = True -->
	<UseTemplate Name="GT_Update">
		<UPDATE_CODE>
			(A:GEAR HANDLE POSITION, Bool) s1 ! (O:XMLVAR_IsGearDown) 1 != and if{ 
				#POTENTIOMETER_GEAR_UP_VALUE# #POTENTIOMETER# (&gt;K:2:LIGHT_POTENTIOMETER_SET)
			} els{
				l1 (O:XMLVAR_IsGearDown) 2 != and if{ 
					#POTENTIOMETER_GEAR_DOWN_VALUE# #POTENTIOMETER# (&gt;K:2:LIGHT_POTENTIOMETER_SET)
				}
			}
			l1 1 + (&gt;O:XMLVAR_IsGearDown)
		</UPDATE_CODE>
		<FREQUENCY>1</FREQUENCY>
	</UseTemplate>
</Template>

<!-- Never call this template directly -->
<Template Name="AIRLINER_SubNodes_Setter_Template">
	<DefaultTemplateParameters>
		<SEQ1_NODE_ID>#NODE_ID#_SEQ1</SEQ1_NODE_ID>
		<SEQ2_NODE_ID>#NODE_ID#_SEQ2</SEQ2_NODE_ID>
	</DefaultTemplateParameters>
	
	<UseTemplate Name="#TEMPLATE_TO_CALL#">
	</UseTemplate>
</Template>

<Template Name="AIRLINER_GlassCockpit_Push_Template">
	<DefaultTemplateParameters>
		<NODE_ID>AIRBUS_Push_Autopilot_#BTN_ID#_#ID#</NODE_ID>
		<ANIM_NAME>AIRBUS_Push_Autopilot_#BTN_ID#_#ID#</ANIM_NAME>
		<PART_ID>AIRBUS_Push_Autopilot_#BTN_ID#</PART_ID>
		<WWISE_EVENT_1>autopilot_push_button_on</WWISE_EVENT_1>
		<WWISE_EVENT_2>autopilot_push_button_off</WWISE_EVENT_2>
		<NORMALIZED_TIME_1>0.1</NORMALIZED_TIME_1>
		<NORMALIZED_TIME_2>0.5</NORMALIZED_TIME_2>
		<ON_TOOLTIP>COCKPIT.TOOLTIPS.EFIS_PANEL_#BTN_ID#_INFO_TURN_OFF</ON_TOOLTIP>
		<OFF_TOOLTIP>COCKPIT.TOOLTIPS.EFIS_PANEL_#BTN_ID#_INFO_TURN_ON</OFF_TOOLTIP>
		<ONOFF_VARIABLE>L:BTN_#BTN_ID#_FILTER_ACTIVE</ONOFF_VARIABLE>
	</DefaultTemplateParameters>
	
	<UseTemplate Name="AIRLINER_SubNodes_Setter_Template">
		<TEMPLATE_TO_CALL>GT_Push_Button_Airliner</TEMPLATE_TO_CALL>
		<LEFT_SINGLE_CODE>(&gt;H:#PLANE_PREFIX#_MFD_BTN_#BTN_ID#) (&gt;H:#PLANE_PREFIX#_PFD_BTN_#BTN_ID#) and</LEFT_SINGLE_CODE>
		<SEQ1_EMISSIVE_CODE>(L:BTN_#BTN_ID#_FILTER_ACTIVE)</SEQ1_EMISSIVE_CODE>
		<TOOLTIPID>%((#ONOFF_VARIABLE#))%{if}TT:#ON_TOOLTIP#%{else}TT:#OFF_TOOLTIP#%{end}</TOOLTIPID>
	</UseTemplate>
</Template>

<Template Name="AIRLINER_Knob_ND_Cursor_Template">
	<DefaultTemplateParameters>
		<ID>1</ID>
	</DefaultTemplateParameters>
	
	<UseTemplate Name="AIRLINER_Knob_ND_Cursor_SubTemplate">
	</UseTemplate>
</Template>

<Template Name="AIRLINER_Knob_ND_Cursor_SubTemplate">
	<DefaultTemplateParameters>
		<NODE_ID>AIRLINER_Knob_ND_Cursor_#ID#</NODE_ID>
		<ANIM_NAME>AIRLINER_Knob_ND_Cursor_#ID#</ANIM_NAME>
		<PART_ID>AIRLINER_Knob_ND_Cursor</PART_ID>
		<BUTTON_NODE_ID>AIRLINER_Knob_ND_Cursor_#ID#_Push</BUTTON_NODE_ID>
		<BUTTON_ANIM_NAME>AIRLINER_Knob_ND_Cursor_#ID#_Push</BUTTON_ANIM_NAME>
		<WWISE_EVENT>autopilot_knob</WWISE_EVENT>
		<WWISE_EVENT_1>autopilot_knob_push_button_on</WWISE_EVENT_1>
		<NORMALIZED_TIME_1>0.1</NORMALIZED_TIME_1>
		<WWISE_EVENT_2>autopilot_knob_push_button_off</WWISE_EVENT_2>
		<NORMALIZED_TIME_2>0.5</NORMALIZED_TIME_2>
		<Switch Param="TYPE">
			<Case Value="AS01B">
				<CLOCKWISE_CODE>(&gt;H:AS01B_MFD_#ID#_Cursor_INC)</CLOCKWISE_CODE>
				<ANTICLOCKWISE_CODE>(&gt;H:AS01B_MFD_#ID#_Cursor_DEC)</ANTICLOCKWISE_CODE>
				<LEFT_SINGLE_CODE>
					(&gt;H:AS01B_MFD_#ID#_Cursor_Press)
				</LEFT_SINGLE_CODE>
				<ANIMREF_ID>-1</ANIMREF_ID>
				<ANIMTIP_0_ON_CURSOR>TurnLeft</ANIMTIP_0_ON_CURSOR>
				<ANIMTIP_1_ON_CURSOR>TurnRight</ANIMTIP_1_ON_CURSOR>
				<ANIMTIP_2_ON_CURSOR>Hand</ANIMTIP_2_ON_CURSOR>
				<ANIMTIP_0>TT:COCKPIT.TOOLTIPS.ND_MODE_SELECTOR_CURSOR_MOVE</ANIMTIP_0>
				<ANIMTIP_1>TT:COCKPIT.TOOLTIPS.ND_MODE_SELECTOR_CURSOR_MOVE</ANIMTIP_1>
				<ANIMTIP_2>TT:COCKPIT.TOOLTIPS.ND_MODE_SELECTOR_SELECT</ANIMTIP_2>
			</Case>
		</Switch>
	</DefaultTemplateParameters>
	
	<Component ID="#NODE_ID#_Group">
		<Component ID="#NODE_ID#" Node="#NODE_ID#"> 
			<UseTemplate Name="GT_Knob_Infinite">
			</UseTemplate>
		</Component>
		
		<Condition Valid="LEFT_SINGLE_CODE">
			<True>
				<Component ID="#BUTTON_NODE_ID#" Node="#BUTTON_NODE_ID#">
					<UseTemplate Name="GT_Push_Button">
						<ANIM_NAME>#BUTTON_ANIM_NAME#</ANIM_NAME>
					</UseTemplate>
				</Component>
			</True>
		</Condition>
	</Component>
</Template>

<Template Name="AIRLINER_Knob_ND_Template">
	<DefaultTemplateParameters>
		<ID>1</ID>
	</DefaultTemplateParameters>
	
	<UseTemplate Name="AIRLINER_Knob_ND_SubTemplate">
	</UseTemplate>
</Template>

<Template Name="AIRLINER_Knob_ND_SubTemplate">
	<DefaultTemplateParameters>
		<NODE_ID>AIRLINER_Knob_Autopilot_ND_#ID#</NODE_ID>
		<ANIM_NAME>AIRLINER_Knob_Autopilot_ND_#ID#</ANIM_NAME>
		<PART_ID>AIRLINER_Knob_Autopilot_ND</PART_ID>
		<BUTTON_NODE_ID>AIRLINER_Knob_Autopilot_ND_#ID#_Push</BUTTON_NODE_ID>
		<BUTTON_ANIM_NAME>AIRLINER_Knob_Autopilot_ND_#ID#_Push</BUTTON_ANIM_NAME>
		<WWISE_EVENT>autopilot_knob</WWISE_EVENT>
		<WWISE_EVENT_1>autopilot_knob_push_button_on</WWISE_EVENT_1>
		<NORMALIZED_TIME_1>0.1</NORMALIZED_TIME_1>
		<WWISE_EVENT_2>autopilot_knob_push_button_off</WWISE_EVENT_2>
		<NORMALIZED_TIME_2>0.5</NORMALIZED_TIME_2>
		<Switch Param="TYPE">
			<Case Value="AIRBUS">
				<KNOB_NUM_STATE>5</KNOB_NUM_STATE>
				<KNOB_POSITION_TYPE>L</KNOB_POSITION_TYPE>
				<KNOB_POSITION_VAR>A320_Neo_MFD_NAV_MODE</KNOB_POSITION_VAR>
				<ANIMTIP_0_ON_PERCENT>0</ANIMTIP_0_ON_PERCENT>
				<ANIMTIP_1_ON_PERCENT>.25</ANIMTIP_1_ON_PERCENT>
				<ANIMTIP_2_ON_PERCENT>.5</ANIMTIP_2_ON_PERCENT>
				<ANIMTIP_3_ON_PERCENT>.75</ANIMTIP_3_ON_PERCENT>
				<ANIMTIP_4_ON_PERCENT>1</ANIMTIP_4_ON_PERCENT>
				<ANIMTIP_0>TT:COCKPIT.TOOLTIPS.EFIS_PANEL_MODE_SELECTOR_ROSE_LS</ANIMTIP_0>
				<ANIMTIP_1>TT:COCKPIT.TOOLTIPS.EFIS_PANEL_MODE_SELECTOR_ROSE_VOR</ANIMTIP_1>
				<ANIMTIP_2>TT:COCKPIT.TOOLTIPS.EFIS_PANEL_MODE_SELECTOR_ROSE_NAV</ANIMTIP_2>
				<ANIMTIP_3>TT:COCKPIT.TOOLTIPS.EFIS_PANEL_MODE_SELECTOR_ARC</ANIMTIP_3>
				<ANIMTIP_4>TT:COCKPIT.TOOLTIPS.EFIS_PANEL_MODE_SELECTOR_PLAN</ANIMTIP_4>
				<ANIMREF_ID>0</ANIMREF_ID>
				<ANIMCURSOR_MAX>1</ANIMCURSOR_MAX>
			</Case>
			<Case Value="BOEING_747">
				<KNOB_NUM_STATE>4</KNOB_NUM_STATE>
				<KNOB_POSITION_TYPE>L</KNOB_POSITION_TYPE>
				<KNOB_POSITION_VAR>B747_8_MFD_NAV_MODE</KNOB_POSITION_VAR>
				<LEFT_SINGLE_CODE>
					(&gt;H:B747_8_MFD_KNOB_AUTOPILOT_CTR)
				</LEFT_SINGLE_CODE>
				<ANIMTIP_0_ON_PERCENT>0</ANIMTIP_0_ON_PERCENT>
				<ANIMTIP_1_ON_PERCENT>.33</ANIMTIP_1_ON_PERCENT>
				<ANIMTIP_2_ON_PERCENT>.66</ANIMTIP_2_ON_PERCENT>
				<ANIMTIP_3_ON_PERCENT>1</ANIMTIP_3_ON_PERCENT>
				<ANIMTIP_0>TT:COCKPIT.TOOLTIPS.EFIS_PANEL_MODE_SELECTOR_APP</ANIMTIP_0>
				<ANIMTIP_1>TT:COCKPIT.TOOLTIPS.EFIS_PANEL_MODE_SELECTOR_VOR</ANIMTIP_1>
				<ANIMTIP_2>TT:COCKPIT.TOOLTIPS.EFIS_PANEL_MODE_SELECTOR_MAP</ANIMTIP_2>
				<ANIMTIP_3>TT:COCKPIT.TOOLTIPS.EFIS_PANEL_MODE_SELECTOR_PLN</ANIMTIP_3>
				<VALUE_TOOLTIP_PUSH>TT:COCKPIT.TOOLTIPS.EFIS_PANEL_MODE_SELECTOR_CTR_BTN</VALUE_TOOLTIP_PUSH>

			</Case>
		</Switch>
	</DefaultTemplateParameters>
	
	<Component ID="#NODE_ID#_Group">
		<Component ID="#NODE_ID#" Node="#NODE_ID#"> 
			<UseTemplate Name="GT_Switch_#KNOB_NUM_STATE#States">
				<SWITCH_DIRECTION>Horizontal</SWITCH_DIRECTION>
				<ARROW_TYPE>Curved</ARROW_TYPE>
				<SWITCH_POSITION_TYPE>#KNOB_POSITION_TYPE#</SWITCH_POSITION_TYPE>
				<SWITCH_POSITION_VAR>#KNOB_POSITION_VAR#</SWITCH_POSITION_VAR>		
			</UseTemplate>
		</Component>
		
		<Condition Valid="LEFT_SINGLE_CODE">
			<True>
				<Component ID="#BUTTON_NODE_ID#" Node="#BUTTON_NODE_ID#">
					<UseTemplate Name="GT_Push_Button">
						<ANIM_NAME>#BUTTON_ANIM_NAME#</ANIM_NAME>
						<Condition Check="VALUE_TOOLTIP_PUSH">
							<True>
								<TOOLTIPID>#VALUE_TOOLTIP_PUSH#</TOOLTIPID>
							</True>
						</Condition>
						<ANIMTIP_0></ANIMTIP_0>
						<ANIMTIP_1></ANIMTIP_1>
						<ANIMTIP_2></ANIMTIP_2>
						<ANIMTIP_3></ANIMTIP_3>
						<ANIMTIP_4></ANIMTIP_4>		
					</UseTemplate>
				</Component>
			</True>
		</Condition>
	</Component>
</Template>

<Template Name="AIRLINER_Knob_ND_Range_Template">
	<DefaultTemplateParameters>
		<ID>1</ID>
	</DefaultTemplateParameters>
	
	<UseTemplate Name="AIRLINER_Knob_ND_Range_SubTemplate">
	</UseTemplate>
</Template>

<Template Name="AIRLINER_Knob_ND_Range_SubTemplate">
	<DefaultTemplateParameters>
		<NODE_ID>AIRLINER_Knob_Autopilot_ND_Range_#ID#</NODE_ID>
		<ANIM_NAME>AIRLINER_Knob_Autopilot_ND_Range_#ID#</ANIM_NAME>
		<PART_ID>AIRLINER_Knob_Autopilot_ND_Range</PART_ID>
		<BUTTON_NODE_ID>AIRLINER_Knob_Autopilot_ND_Range_#ID#_Push</BUTTON_NODE_ID>
		<BUTTON_ANIM_NAME>AIRLINER_Knob_Autopilot_ND_Range_#ID#_Push</BUTTON_ANIM_NAME>
		<WWISE_EVENT>autopilot_knob</WWISE_EVENT>	
		<WWISE_EVENT_1>autopilot_knob_push_button_on</WWISE_EVENT_1>
		<NORMALIZED_TIME_1>0.1</NORMALIZED_TIME_1>
		<WWISE_EVENT_2>autopilot_knob_push_button_off</WWISE_EVENT_2>
		<NORMALIZED_TIME_2>0.5</NORMALIZED_TIME_2>
		<Switch Param="TYPE">
			<Case Value="AIRBUS">
				<KNOB_NUM_STATE>6</KNOB_NUM_STATE>
				<KNOB_POSITION_TYPE>L</KNOB_POSITION_TYPE>
				<KNOB_POSITION_VAR>A320_Neo_MFD_Range</KNOB_POSITION_VAR>
				<ANIMTIP_0_ON_PERCENT>0</ANIMTIP_0_ON_PERCENT>
				<ANIMTIP_1_ON_PERCENT>.2</ANIMTIP_1_ON_PERCENT>
				<ANIMTIP_2_ON_PERCENT>.4</ANIMTIP_2_ON_PERCENT>
				<ANIMTIP_3_ON_PERCENT>.6</ANIMTIP_3_ON_PERCENT>
				<ANIMTIP_4_ON_PERCENT>.8</ANIMTIP_4_ON_PERCENT>
				<ANIMTIP_5_ON_PERCENT>1</ANIMTIP_5_ON_PERCENT>
				<ANIMTIP_0>TT:COCKPIT.TOOLTIPS.EFIS_PANEL_RANGE_SELECTOR_SET_10</ANIMTIP_0>
				<ANIMTIP_1>TT:COCKPIT.TOOLTIPS.EFIS_PANEL_RANGE_SELECTOR_SET_20</ANIMTIP_1>
				<ANIMTIP_2>TT:COCKPIT.TOOLTIPS.EFIS_PANEL_RANGE_SELECTOR_SET_40</ANIMTIP_2>
				<ANIMTIP_3>TT:COCKPIT.TOOLTIPS.EFIS_PANEL_RANGE_SELECTOR_SET_80</ANIMTIP_3>
				<ANIMTIP_4>TT:COCKPIT.TOOLTIPS.EFIS_PANEL_RANGE_SELECTOR_SET_160</ANIMTIP_4>
				<ANIMTIP_5>TT:COCKPIT.TOOLTIPS.EFIS_PANEL_RANGE_SELECTOR_SET_320</ANIMTIP_5>
				<ANIMREF_ID>0</ANIMREF_ID>
				<ANIMCURSOR_MAX>1</ANIMCURSOR_MAX>
			</Case>
			<Case Value="BOEING_747">
				<KNOB_NUM_STATE>12</KNOB_NUM_STATE>
				<KNOB_POSITION_TYPE>L</KNOB_POSITION_TYPE>
				<KNOB_POSITION_VAR>B747_8_MFD_Range</KNOB_POSITION_VAR>
				<LEFT_SINGLE_CODE>
					(&gt;H:B747_8_MFD_KNOB_RANGE_TFC)
				</LEFT_SINGLE_CODE>
				<ANIMTIP_0_ON_PERCENT>0</ANIMTIP_0_ON_PERCENT>
				<ANIMTIP_1_ON_PERCENT>.091</ANIMTIP_1_ON_PERCENT>
				<ANIMTIP_2_ON_PERCENT>.182</ANIMTIP_2_ON_PERCENT>
				<ANIMTIP_3_ON_PERCENT>.273</ANIMTIP_3_ON_PERCENT>
				<ANIMTIP_4_ON_PERCENT>.364</ANIMTIP_4_ON_PERCENT>
				<ANIMTIP_5_ON_PERCENT>.455</ANIMTIP_5_ON_PERCENT>
				<ANIMTIP_6_ON_PERCENT>.545</ANIMTIP_6_ON_PERCENT>
				<ANIMTIP_7_ON_PERCENT>.636</ANIMTIP_7_ON_PERCENT>
				<ANIMTIP_8_ON_PERCENT>.727</ANIMTIP_8_ON_PERCENT>
				<ANIMTIP_9_ON_PERCENT>.818</ANIMTIP_9_ON_PERCENT>
				<ANIMTIP_10_ON_PERCENT>.909</ANIMTIP_10_ON_PERCENT>
				<ANIMTIP_11_ON_PERCENT>1</ANIMTIP_11_ON_PERCENT>
				<ANIMTIP_0>TT:COCKPIT.TOOLTIPS.EFIS_PANEL_RANGE_SELECTOR_SET_0_25</ANIMTIP_0>
				<ANIMTIP_1>TT:COCKPIT.TOOLTIPS.EFIS_PANEL_RANGE_SELECTOR_SET_0_5</ANIMTIP_1>
				<ANIMTIP_2>TT:COCKPIT.TOOLTIPS.EFIS_PANEL_RANGE_SELECTOR_SET_1</ANIMTIP_2>
				<ANIMTIP_3>TT:COCKPIT.TOOLTIPS.EFIS_PANEL_RANGE_SELECTOR_SET_2</ANIMTIP_3>
				<ANIMTIP_4>TT:COCKPIT.TOOLTIPS.EFIS_PANEL_RANGE_SELECTOR_SET_5</ANIMTIP_4>
				<ANIMTIP_5>TT:COCKPIT.TOOLTIPS.EFIS_PANEL_RANGE_SELECTOR_SET_10</ANIMTIP_5>
				<ANIMTIP_6>TT:COCKPIT.TOOLTIPS.EFIS_PANEL_RANGE_SELECTOR_SET_20</ANIMTIP_6>
				<ANIMTIP_7>TT:COCKPIT.TOOLTIPS.EFIS_PANEL_RANGE_SELECTOR_SET_40</ANIMTIP_7>
				<ANIMTIP_8>TT:COCKPIT.TOOLTIPS.EFIS_PANEL_RANGE_SELECTOR_SET_80</ANIMTIP_8>
				<ANIMTIP_9>TT:COCKPIT.TOOLTIPS.EFIS_PANEL_RANGE_SELECTOR_SET_160</ANIMTIP_9>
				<ANIMTIP_10>TT:COCKPIT.TOOLTIPS.EFIS_PANEL_RANGE_SELECTOR_SET_320</ANIMTIP_10>
				<ANIMTIP_11>TT:COCKPIT.TOOLTIPS.EFIS_PANEL_RANGE_SELECTOR_SET_640</ANIMTIP_11>
				<VALUE_TOOLTIP_PUSH>TT:COCKPIT.TOOLTIPS.EFIS_PANEL_RANGE_SELECTOR_TFC</VALUE_TOOLTIP_PUSH>

			</Case>
			<Case Value="AS01B">
				<CLOCKWISE_CODE>(&gt;H:AS01B_MFD_#ID#_Range_INC)</CLOCKWISE_CODE>
				<ANTICLOCKWISE_CODE>(&gt;H:AS01B_MFD_#ID#_Range_DEC)</ANTICLOCKWISE_CODE>
				<LEFT_SINGLE_CODE>
					(&gt;H:AS01B_MFD_#ID#_AUTOPILOT_CTR)
				</LEFT_SINGLE_CODE>
				<ANIMREF_ID>-1</ANIMREF_ID>
				<ANIMTIP_0_ON_CURSOR>TurnLeft</ANIMTIP_0_ON_CURSOR>
				<ANIMTIP_1_ON_CURSOR>TurnRight</ANIMTIP_1_ON_CURSOR>
				<ANIMTIP_2_ON_CURSOR>Hand</ANIMTIP_2_ON_CURSOR>
				<ANIMTIP_0>TT:COCKPIT.TOOLTIPS.PUSH_ND_RANGE_DECREASE</ANIMTIP_0>
				<ANIMTIP_1>TT:COCKPIT.TOOLTIPS.PUSH_ND_RANGE_INCREASE</ANIMTIP_1>
				<VALUE_TOOLTIP_PUSH>TT:COCKPIT.TOOLTIPS.EFIS_PANEL_MODE_SELECTOR_CTR_BTN</VALUE_TOOLTIP_PUSH>
			</Case>
		</Switch>
	</DefaultTemplateParameters>
	
	<Component ID="#NODE_ID#_Group">
		<Component ID="#NODE_ID#" Node="#NODE_ID#"> 
			<Condition Check="KNOB_NUM_STATE">
				<True>
					<UseTemplate Name="GT_Switch_XStates">
						<NUM_STATES>#KNOB_NUM_STATE#</NUM_STATES>
						<SWITCH_DIRECTION>Horizontal</SWITCH_DIRECTION>
						<ARROW_TYPE>Curved</ARROW_TYPE>
						<SWITCH_POSITION_TYPE>#KNOB_POSITION_TYPE#</SWITCH_POSITION_TYPE>
						<SWITCH_POSITION_VAR>#KNOB_POSITION_VAR#</SWITCH_POSITION_VAR>
					</UseTemplate>
				</True>
				<False>
					<UseTemplate Name="GT_Knob_Infinite">
					</UseTemplate>	
				</False>
			</Condition>
		</Component>
		
		<Condition Valid="LEFT_SINGLE_CODE">
			<True>
				<Component ID="#BUTTON_NODE_ID#" Node="#BUTTON_NODE_ID#">
					<UseTemplate Name="GT_Push_Button">
						<ANIM_NAME>#BUTTON_ANIM_NAME#</ANIM_NAME>
						<Condition Check="VALUE_TOOLTIP_PUSH">
							<True>
								<TOOLTIPID>#VALUE_TOOLTIP_PUSH#</TOOLTIPID>
							</True>
						</Condition>
						<ANIMTIP_0></ANIMTIP_0>
						<ANIMTIP_1></ANIMTIP_1>
						<ANIMTIP_2></ANIMTIP_2>
						<ANIMTIP_3></ANIMTIP_3>
						<ANIMTIP_4></ANIMTIP_4>
						<ANIMTIP_5></ANIMTIP_5>
						<ANIMTIP_6></ANIMTIP_6>
						<ANIMTIP_7></ANIMTIP_7>
						<ANIMTIP_8></ANIMTIP_8>
						<ANIMTIP_9></ANIMTIP_9>
						<ANIMTIP_10></ANIMTIP_10>
						<ANIMTIP_11></ANIMTIP_11>
					</UseTemplate>
				</Component>
			</True>
		</Condition>
	</Component>
</Template>

<Template Name="AIRLINER_Switch_Baro_Selector_Template">
	<DefaultTemplateParameters>
		<ID>1</ID>
	</DefaultTemplateParameters>
	
	<UseTemplate Name="AIRLINER_Switch_Baro_Selector_SubTemplate">
	</UseTemplate>
</Template>

<Template Name="AIRLINER_Switch_Baro_Selector_SubTemplate">
	<DefaultTemplateParameters>
		<NODE_ID>AIRLINER_Switch_Baro_Selector_#ID#</NODE_ID>
		<ANIM_NAME>AIRLINER_Switch_Baro_Selector_#ID#</ANIM_NAME>
		<PART_ID>AIRLINER_Switch_Baro_Selector</PART_ID>
		<ID>1</ID>
		<WWISE_EVENT_1>autopilot_baro_selector_button_on</WWISE_EVENT_1>		
		<WWISE_EVENT_2>autopilot_baro_selector_button_off</WWISE_EVENT_2>
		<ANIMTIP_0>TT:COCKPIT.TOOLTIPS.BARO_SET_UNIT_TO_HPA</ANIMTIP_0>
		<ANIMTIP_1>TT:COCKPIT.TOOLTIPS.BARO_SET_UNIT_TO_HG</ANIMTIP_1>
	</DefaultTemplateParameters>
	
	<Component ID="#NODE_ID#" Node="#NODE_ID#"> 
		<UseTemplate Name="GT_Switch_Code">
			<LEFT_SINGLE_CODE>(L:XMLVAR_Baro_Selector_HPA_#ID#) ! (&gt;L:XMLVAR_Baro_Selector_HPA_#ID#)</LEFT_SINGLE_CODE>
			<ANIM_CODE>(L:XMLVAR_Baro_Selector_HPA_#ID#) 100 *</ANIM_CODE>
		</UseTemplate>
	</Component>
</Template>

<Template Name="AIRLINER_Audio_Panel_Template">
	<DefaultTemplateParameters>
		<ID>1</ID>
		<VOLUME_INCREMENT>0.03</VOLUME_INCREMENT>
		<PREFIX>AIRLINER</PREFIX>
	</DefaultTemplateParameters>
	<OverrideTemplateParameters>
	</OverrideTemplateParameters>
	
	<UseTemplate Name="GT_Helper_Suffix_ID_Appender">
		<TEMPLATE_TO_CALL>AIRLINER_Audio_Panel_SubTemplate</TEMPLATE_TO_CALL>
	</UseTemplate>
</Template>

<Template Name="AIRLINER_Audio_Panel_SubTemplate">
	<DefaultTemplateParameters>
		<NODE_ID_RECEIVER_VHF_L>#PREFIX#_AudioReceiver_Knob_VHF_L#SUFFIX_ID#</NODE_ID_RECEIVER_VHF_L>
		<NODE_ID_LIGHT_RECEIVER_VHF_L>#PREFIX#_AudioReceiver_Knob_VHF_L_LIGHT#SUFFIX_ID#</NODE_ID_LIGHT_RECEIVER_VHF_L>
		<ANIM_NAME_KNOB_RECEIVER_VHF_L>#PREFIX#_AudioReceiver_Knob_VHF_L#SUFFIX_ID#</ANIM_NAME_KNOB_RECEIVER_VHF_L>
		<ANIM_NAME_PUSH_RECEIVER_VHF_L>#PREFIX#_AudioReceiver_Push_VHF_L#SUFFIX_ID#</ANIM_NAME_PUSH_RECEIVER_VHF_L>
		<NODE_ID_LED_RECEIVER_VHF_L>#PREFIX#_AudioReceiver_Knob_VHF_L_LED#SUFFIX_ID#</NODE_ID_LED_RECEIVER_VHF_L>
		<NODE_ID_BUTTON_VHF_L>#PREFIX#_AudioReceiver_Push_mic_call_01#SUFFIX_ID#</NODE_ID_BUTTON_VHF_L>
		<ANIM_NAME_BUTTON_VHF_L>#PREFIX#_AudioReceiver_Push_mic_call_01#SUFFIX_ID#</ANIM_NAME_BUTTON_VHF_L>
		<NODE_ID_BUTTON_SEQ1_VHF_L>#PREFIX#_AudioReceiver_Push_mic_call_01_SEQ1#SUFFIX_ID#</NODE_ID_BUTTON_SEQ1_VHF_L>
		<NODE_ID_BUTTON_SEQ2_VHF_L>#PREFIX#_AudioReceiver_Push_mic_call_01_SEQ2#SUFFIX_ID#</NODE_ID_BUTTON_SEQ2_VHF_L>
		<NODE_ID_RECEIVER_VHF_C>#PREFIX#_AudioReceiver_Knob_VHF_C#SUFFIX_ID#</NODE_ID_RECEIVER_VHF_C>
		<NODE_ID_LIGHT_RECEIVER_VHF_C>#PREFIX#_AudioReceiver_Knob_VHF_C_LIGHT#SUFFIX_ID#</NODE_ID_LIGHT_RECEIVER_VHF_C>
		<ANIM_NAME_KNOB_RECEIVER_VHF_C>#PREFIX#_AudioReceiver_Knob_VHF_C#SUFFIX_ID#</ANIM_NAME_KNOB_RECEIVER_VHF_C>
		<ANIM_NAME_PUSH_RECEIVER_VHF_C>#PREFIX#_AudioReceiver_Push_VHF_C#SUFFIX_ID#</ANIM_NAME_PUSH_RECEIVER_VHF_C>
		<NODE_ID_LED_RECEIVER_VHF_C>#PREFIX#_AudioReceiver_Knob_VHF_C_LED#SUFFIX_ID#</NODE_ID_LED_RECEIVER_VHF_C>
		<NODE_ID_BUTTON_VHF_C>#PREFIX#_AudioReceiver_Push_mic_call_02#SUFFIX_ID#</NODE_ID_BUTTON_VHF_C>
		<ANIM_NAME_BUTTON_VHF_C>#PREFIX#_AudioReceiver_Push_mic_call_02#SUFFIX_ID#</ANIM_NAME_BUTTON_VHF_C>
		<NODE_ID_BUTTON_SEQ1_VHF_C>#PREFIX#_AudioReceiver_Push_mic_call_02_SEQ1#SUFFIX_ID#</NODE_ID_BUTTON_SEQ1_VHF_C>
		<NODE_ID_BUTTON_SEQ2_VHF_C>#PREFIX#_AudioReceiver_Push_mic_call_02_SEQ2#SUFFIX_ID#</NODE_ID_BUTTON_SEQ2_VHF_C>
		<NODE_ID_RECEIVER_VHF_R>#PREFIX#_AudioReceiver_Knob_VHF_R#SUFFIX_ID#</NODE_ID_RECEIVER_VHF_R>
		<NODE_ID_LIGHT_RECEIVER_VHF_R>#PREFIX#_AudioReceiver_Knob_VHF_R_LIGHT#SUFFIX_ID#</NODE_ID_LIGHT_RECEIVER_VHF_R>
		<ANIM_NAME_KNOB_RECEIVER_VHF_R>#PREFIX#_AudioReceiver_Knob_VHF_R#SUFFIX_ID#</ANIM_NAME_KNOB_RECEIVER_VHF_R>
		<ANIM_NAME_PUSH_RECEIVER_VHF_R>#PREFIX#_AudioReceiver_Push_VHF_R#SUFFIX_ID#</ANIM_NAME_PUSH_RECEIVER_VHF_R>
		<NODE_ID_LED_RECEIVER_VHF_R>#PREFIX#_AudioReceiver_Knob_VHF_R_LED#SUFFIX_ID#</NODE_ID_LED_RECEIVER_VHF_R>
		<NODE_ID_BUTTON_VHF_R>#PREFIX#_AudioReceiver_Push_mic_call_03#SUFFIX_ID#</NODE_ID_BUTTON_VHF_R>
		<ANIM_NAME_BUTTON_VHF_R>#PREFIX#_AudioReceiver_Push_mic_call_03#SUFFIX_ID#</ANIM_NAME_BUTTON_VHF_R>
		<NODE_ID_BUTTON_SEQ1_VHF_R>#PREFIX#_AudioReceiver_Push_mic_call_03_SEQ1#SUFFIX_ID#</NODE_ID_BUTTON_SEQ1_VHF_R>
		<NODE_ID_BUTTON_SEQ2_VHF_R>#PREFIX#_AudioReceiver_Push_mic_call_03_SEQ2#SUFFIX_ID#</NODE_ID_BUTTON_SEQ2_VHF_R>
		<Switch Param="TYPE">
			<Case Value="AIRBUS">
				<POTENTIOMETER_SEQ1></POTENTIOMETER_SEQ1>
				<DONT_OVERRIDE_BASE_EMISSIVE>False</DONT_OVERRIDE_BASE_EMISSIVE>
				<SEQ2_EMISSIVE_CODE>1</SEQ2_EMISSIVE_CODE>
				<KNOB_TEMPLATE>GT_Knob_Finite_Switch</KNOB_TEMPLATE>
			</Case>
			<Case Value="BOEING">
				<SEQ2_EMISSIVE_CODE>0</SEQ2_EMISSIVE_CODE>
				<KNOB_TEMPLATE>GT_Knob_Finite_Code</KNOB_TEMPLATE>
			</Case>
		</Switch>
		<SEQ1_EMISSIVE_DRIVES_VISIBILITY>False</SEQ1_EMISSIVE_DRIVES_VISIBILITY>
		<SEQ2_EMISSIVE_DRIVES_VISIBILITY>False</SEQ2_EMISSIVE_DRIVES_VISIBILITY>
	</DefaultTemplateParameters>
	<OverrideTemplateParameters>
	</OverrideTemplateParameters>
	
	<UseTemplate Name="AIRLINER_Audio_Volume_Knob_Template">
		<NODE_ID>#NODE_ID_RECEIVER_VHF_L#</NODE_ID>
		<NODE_ID_LIGHT>#NODE_ID_LIGHT_RECEIVER_VHF_L#</NODE_ID_LIGHT>
		<ANIM_NAME_KNOB>#ANIM_NAME_KNOB_RECEIVER_VHF_L#</ANIM_NAME_KNOB>
		<ANIM_NAME_SWITCH>#ANIM_NAME_PUSH_RECEIVER_VHF_L#</ANIM_NAME_SWITCH>
		<NODE_ID_LED>#NODE_ID_LED_RECEIVER_VHF_L#</NODE_ID_LED>
		<NODE_ID_BUTTON>#NODE_ID_BUTTON_VHF_L#</NODE_ID_BUTTON>
		<ANIM_NAME_BUTTON>#ANIM_NAME_BUTTON_VHF_L#</ANIM_NAME_BUTTON>
		<NODE_ID_BUTTON_SEQ1>#NODE_ID_BUTTON_SEQ1_VHF_L#</NODE_ID_BUTTON_SEQ1>
		<NODE_ID_BUTTON_SEQ2>#NODE_ID_BUTTON_SEQ2_VHF_L#</NODE_ID_BUTTON_SEQ2>
		<FREQ_ID>VHF_L</FREQ_ID>
		<Radio_ID>1</Radio_ID>
		<Button_ID>1</Button_ID>
		<TRANSMIT_ID>0</TRANSMIT_ID>
		<TOOLTIP_LEFT>TT:COCKPIT.TOOLTIPS.TRANSMITTER_VHF_L_VOLUME_DEC</TOOLTIP_LEFT>
		<TOOLTIP_RIGHT>TT:COCKPIT.TOOLTIPS.TRANSMITTER_VHF_L_VOLUME_INC</TOOLTIP_RIGHT>
		<TOOLTIP_HAND>TT:COCKPIT.TOOLTIPS.TRANSMITTER_VHF_L_AUDIO_TOGGLE</TOOLTIP_HAND>
		<TOOLTIP_PB>TT:COCKPIT.TOOLTIPS.TRANSMITTER_SELECT_VHF_L</TOOLTIP_PB>
	</UseTemplate>
	<UseTemplate Name="AIRLINER_Audio_Volume_Knob_Template">
		<NODE_ID>#NODE_ID_RECEIVER_VHF_C#</NODE_ID>
		<NODE_ID_LIGHT>#NODE_ID_LIGHT_RECEIVER_VHF_C#</NODE_ID_LIGHT>
		<ANIM_NAME_KNOB>#ANIM_NAME_KNOB_RECEIVER_VHF_C#</ANIM_NAME_KNOB>
		<ANIM_NAME_SWITCH>#ANIM_NAME_PUSH_RECEIVER_VHF_C#</ANIM_NAME_SWITCH>
		<NODE_ID_LED>#NODE_ID_LED_RECEIVER_VHF_C#</NODE_ID_LED>
		<NODE_ID_BUTTON>#NODE_ID_BUTTON_VHF_C#</NODE_ID_BUTTON>
		<ANIM_NAME_BUTTON>#ANIM_NAME_BUTTON_VHF_C#</ANIM_NAME_BUTTON>
		<NODE_ID_BUTTON_SEQ1>#NODE_ID_BUTTON_SEQ1_VHF_C#</NODE_ID_BUTTON_SEQ1>
		<NODE_ID_BUTTON_SEQ2>#NODE_ID_BUTTON_SEQ2_VHF_C#</NODE_ID_BUTTON_SEQ2>
		<FREQ_ID>VHF_C</FREQ_ID>
		<Radio_ID>2</Radio_ID>
		<Button_ID>2</Button_ID>
		<TRANSMIT_ID>1</TRANSMIT_ID>
		<TOOLTIP_LEFT>TT:COCKPIT.TOOLTIPS.TRANSMITTER_VHF_C_VOLUME_DEC</TOOLTIP_LEFT>
		<TOOLTIP_RIGHT>TT:COCKPIT.TOOLTIPS.TRANSMITTER_VHF_C_VOLUME_INC</TOOLTIP_RIGHT>
		<TOOLTIP_HAND>TT:COCKPIT.TOOLTIPS.TRANSMITTER_VHF_C_AUDIO_TOGGLE</TOOLTIP_HAND>		<TOOLTIP_PB>TT:COCKPIT.TOOLTIPS.TRANSMITTER_SELECT_VHF_C</TOOLTIP_PB>
	</UseTemplate>
	<UseTemplate Name="AIRLINER_Audio_Volume_Knob_Template">
		<NODE_ID>#NODE_ID_RECEIVER_VHF_R#</NODE_ID>
		<NODE_ID_LIGHT>#NODE_ID_LIGHT_RECEIVER_VHF_R#</NODE_ID_LIGHT>
		<ANIM_NAME_KNOB>#ANIM_NAME_KNOB_RECEIVER_VHF_R#</ANIM_NAME_KNOB>
		<ANIM_NAME_SWITCH>#ANIM_NAME_PUSH_RECEIVER_VHF_R#</ANIM_NAME_SWITCH>
		<NODE_ID_LED>#NODE_ID_LED_RECEIVER_VHF_R#</NODE_ID_LED>
		<NODE_ID_BUTTON>#NODE_ID_BUTTON_VHF_R#</NODE_ID_BUTTON>
		<ANIM_NAME_BUTTON>#ANIM_NAME_BUTTON_VHF_R#</ANIM_NAME_BUTTON>
		<NODE_ID_BUTTON_SEQ1>#NODE_ID_BUTTON_SEQ1_VHF_R#</NODE_ID_BUTTON_SEQ1>
		<NODE_ID_BUTTON_SEQ2>#NODE_ID_BUTTON_SEQ2_VHF_R#</NODE_ID_BUTTON_SEQ2>
		<FREQ_ID>VHF_R</FREQ_ID>
		<Radio_ID>3</Radio_ID>
		<Button_ID>3</Button_ID>
		<TRANSMIT_ID>2</TRANSMIT_ID>

		<TOOLTIP_LEFT>TT:COCKPIT.TOOLTIPS.TRANSMITTER_VHF_R_VOLUME_DEC</TOOLTIP_LEFT>
		<TOOLTIP_RIGHT>TT:COCKPIT.TOOLTIPS.TRANSMITTER_VHF_R_VOLUME_INC</TOOLTIP_RIGHT>
		<TOOLTIP_HAND>TT:COCKPIT.TOOLTIPS.TRANSMITTER_VHF_R_AUDIO_TOGGLE</TOOLTIP_HAND>		<TOOLTIP_PB>TT:COCKPIT.TOOLTIPS.TRANSMITTER_SELECT_VHF_R</TOOLTIP_PB>
	</UseTemplate>
</Template>

<Template Name="AIRLINER_Audio_Volume_Knob_Template">
	<DefaultTemplateParameters>
		<TOOLTIP_LEFT></TOOLTIP_LEFT>
		<TOOLTIP_RIGHT></TOOLTIP_RIGHT>
		<TOOLTIP_HAND></TOOLTIP_HAND>
		<TOOLTIP_PB></TOOLTIP_PB>
		<KNOB_TEMPLATE>GT_Knob_Finite_Switch</KNOB_TEMPLATE>
	</DefaultTemplateParameters>
	<OverrideTemplateParameters>
		<TRANSMIT_EMISSIVE_CODE>(L:XMLVAR_COM_#ID#_#FREQ_ID#_Switch_Down) #Button_ID# (L:XMLVAR_COM_Transmit_Channel) == ! and</TRANSMIT_EMISSIVE_CODE>
	</OverrideTemplateParameters>
	<Condition Valid="Radio_ID">
		<True>
			<UseTemplate Name="GT_Update">
				<FREQUENCY>3</FREQUENCY>
				<UPDATE_CODE>
					(A:COM TRANSMIT:#Radio_ID#, Bool) if{
						#Button_ID# (&gt;L:XMLVAR_COM_Transmit_Channel)
					}
				</UPDATE_CODE>
			</UseTemplate>
		</True>
	</Condition>

	<Condition Valid="NO_BUTTON">
		<False>
			<UseTemplate Name="GT_Push_Button_Airliner">
				<TOOLTIPID>#TOOLTIP_PB#</TOOLTIPID>
				<NODE_ID>#NODE_ID_BUTTON#</NODE_ID>
				<ANIM_NAME>#ANIM_NAME_BUTTON#</ANIM_NAME>
				<SEQ1_NODE_ID>#NODE_ID_BUTTON_SEQ1#</SEQ1_NODE_ID>
				<SEQ2_NODE_ID>#NODE_ID_BUTTON_SEQ2#</SEQ2_NODE_ID>
				<LEFT_SINGLE_CODE>
					#Button_ID# (&gt;L:XMLVAR_COM_Transmit_Channel)
					#TRANSMIT_ID# (&gt;K:PILOT_TRANSMITTER_SET)
					4 (&gt;K:COPILOT_TRANSMITTER_SET)
				</LEFT_SINGLE_CODE>
				<NODE_ID>#NODE_ID_BUTTON#</NODE_ID>
				<SEQ1_EMISSIVE_CODE>#Button_ID# (L:XMLVAR_COM_Transmit_Channel) == </SEQ1_EMISSIVE_CODE>
				<WWISE_EVENT_1>audioreceiver_knob_push_button_on</WWISE_EVENT_1>
				<NORMALIZED_TIME_1>0.1</NORMALIZED_TIME_1>
				<WWISE_EVENT_2>audioreceiver_knob_push_button_off</WWISE_EVENT_2>
				<NORMALIZED_TIME_2>0.5</NORMALIZED_TIME_2>
			</UseTemplate>
		</False>
	</Condition>

	<Component ID="#NODE_ID#" Node="#NODE_ID#">
		<UseTemplate Name="#KNOB_TEMPLATE#">
			<ANIMREF_ID>1</ANIMREF_ID>
			<ANIMCURSOR_MIN>0</ANIMCURSOR_MIN>
			<ANIMCURSOR_MAX>1</ANIMCURSOR_MAX>
			<ANIMTIP_0_ON_CURSOR>TurnLeft</ANIMTIP_0_ON_CURSOR>
			<ANIMTIP_1_ON_CURSOR>TurnRight</ANIMTIP_1_ON_CURSOR>
			<ANIMTIP_2_ON_CURSOR>Hand</ANIMTIP_2_ON_CURSOR>
			<ANIMTIP_0>#TOOLTIP_LEFT#</ANIMTIP_0>
			<ANIMTIP_1>#TOOLTIP_RIGHT#</ANIMTIP_1>
			<ANIMTIP_2>#TOOLTIP_HAND#</ANIMTIP_2>
			<PUSH>True</PUSH>
			<USE_SIMVAR_FOR_BUTTON_ANIM>False</USE_SIMVAR_FOR_BUTTON_ANIM>
			<USE_SIMVAR_FOR_KNOB_ANIM>False</USE_SIMVAR_FOR_KNOB_ANIM>
			<CENTER_RADIUS>0.002</CENTER_RADIUS>
			<KNOB_ANIM_CODE>(L:XMLVAR_COM_#ID#_Volume_#FREQ_ID#) 100 *</KNOB_ANIM_CODE>
			<CLOCKWISE_CODE>(L:XMLVAR_COM_#ID#_Volume_#FREQ_ID#) #VOLUME_INCREMENT# + 1 min (&gt;L:XMLVAR_COM_#ID#_Volume_#FREQ_ID#) 1 (&gt;I:XMLVAR_COM_UpdateVolumes)</CLOCKWISE_CODE>
			<ANTICLOCKWISE_CODE>(L:XMLVAR_COM_#ID#_Volume_#FREQ_ID#) #VOLUME_INCREMENT# - 0 max (&gt;L:XMLVAR_COM_#ID#_Volume_#FREQ_ID#) 1 (&gt;I:XMLVAR_COM_UpdateVolumes)</ANTICLOCKWISE_CODE>
			<ANIM_CODE_SWITCH>
				(L:XMLVAR_COM_#ID#_#FREQ_ID#_Switch_Down)
				#Button_ID# (L:XMLVAR_COM_Transmit_Channel) == or 100 *
			</ANIM_CODE_SWITCH>
			<ANIM_NAME_PUSH>#ANIM_NAME_SWITCH#</ANIM_NAME_PUSH>
			<LEFT_SINGLE_CODE>
				#Button_ID# (L:XMLVAR_COM_Transmit_Channel) != if{
					(L:XMLVAR_COM_#ID#_#FREQ_ID#_Switch_Down) ! (&gt;L:XMLVAR_COM_#ID#_#FREQ_ID#_Switch_Down)
					1 (&gt;I:XMLVAR_COM_UpdateReceivers)
				} 
			</LEFT_SINGLE_CODE>
			<WWISE_EVENT_1>audioreceiver_push_button_on</WWISE_EVENT_1>
			<NORMALIZED_TIME_1>0.1</NORMALIZED_TIME_1>
			<WWISE_EVENT_2>audioreceiver_push_button_off</WWISE_EVENT_2>	
			<NORMALIZED_TIME_2>0.5</NORMALIZED_TIME_2>
			<WWISE_EVENT>audioreceiver_knob</WWISE_EVENT>	
			<COUNT>36</COUNT>
		</UseTemplate>
	</Component>
	

	<Switch Param="TYPE">
		<Case Value="BOEING">
			<UseTemplate Name="GT_Component_Emissive_Gauge">
				<NODE_ID>#NODE_ID_LED#</NODE_ID>
				<EMISSIVE_CODE>#TRANSMIT_EMISSIVE_CODE#</EMISSIVE_CODE>
			</UseTemplate>
		</Case>
	</Switch>
	
	<Condition Valid="NO_LIGHT">
		<False>
			<Component ID="#NODE_ID_LIGHT#_Light" Node="#NODE_ID_LIGHT#">
				<UseTemplate Name="GT_Emissive_Gauge">
					<EMISSIVE_CODE>#TRANSMIT_EMISSIVE_CODE#</EMISSIVE_CODE>
				</UseTemplate>
			</Component>
		</False>
	</Condition>
</Template>

<Template Name="AIRLINER_Audio_Panel_Updater">
	<!-- This Panel takes input from the 3 audio panels and sets the simvars to the value it should have based on it -->
	<!-- Simvar is ON if any Panel sets it to ON, Volume is the Max of the 3 panels -->
	
	<UseTemplate Name="GT_Update">
		<FREQUENCY>1</FREQUENCY>
		<UPDATE_CODE>
			(A:COM RECEIVE:1, Bool) sp1
			(A:COM RECEIVE:2, Bool) sp2
			(A:COM RECEIVE:3, Bool) sp3
			
			(L:XMLVAR_COM_1_VHF_L_Switch_Down) (L:XMLVAR_COM_2_VHF_L_Switch_Down) (L:XMLVAR_COM_3_VHF_L_Switch_Down) or or sp4
			(L:XMLVAR_COM_1_VHF_C_Switch_Down) (L:XMLVAR_COM_2_VHF_C_Switch_Down) (L:XMLVAR_COM_3_VHF_C_Switch_Down) or or sp5
			(L:XMLVAR_COM_1_VHF_R_Switch_Down) (L:XMLVAR_COM_2_VHF_R_Switch_Down) (L:XMLVAR_COM_3_VHF_R_Switch_Down) or or sp6
			
			(A:COM VOLUME:1, Percent over 100) sp7
			(A:COM VOLUME:2, Percent over 100) sp8
			(A:COM VOLUME:3, Percent over 100) sp9
			
			(L:XMLVAR_COM_1_Volume_VHF_L) (L:XMLVAR_COM_2_Volume_VHF_L) (L:XMLVAR_COM_3_Volume_VHF_L) max max sp10
			(L:XMLVAR_COM_1_Volume_VHF_C) (L:XMLVAR_COM_2_Volume_VHF_C) (L:XMLVAR_COM_3_Volume_VHF_C) max max sp11
			(L:XMLVAR_COM_1_Volume_VHF_R) (L:XMLVAR_COM_2_Volume_VHF_R) (L:XMLVAR_COM_3_Volume_VHF_R) max max sp12
			
			(* Check if the Simvars have been toggled externaly *)
			(I:XMLVAR_COM_UpdateReceivers) if{
				l4 (&gt;K:COM1_RECEIVE_SELECT)
				l5 (&gt;K:COM2_RECEIVE_SELECT)
				l6 (&gt;K:COM3_RECEIVE_SELECT)
				0 (&gt;I:XMLVAR_COM_UpdateReceivers)
			} els{
				(* Update XML Values if SimVar has changed *)
				(O:XMLVAR_COM_1_Receive_PreviousValue) l1 != l4 l1 != and if{
					1 (&gt;L:XMLVAR_COM_1_VHF_L_Switch_Down)
				}
				(O:XMLVAR_COM_2_Receive_PreviousValue) l2 != l5 l2 != and if{
					1 (&gt;L:XMLVAR_COM_2_VHF_C_Switch_Down)
				}
				(O:XMLVAR_COM_3_Receive_PreviousValue) l3 != l6 l3 != and if{
					1 (&gt;L:XMLVAR_COM_3_VHF_R_Switch_Down)
				}
			}
			(I:XMLVAR_COM_UpdateVolumes) if{
				l10 100 * (&gt;K:COM1_VOLUME_SET)
				l11 100 * (&gt;K:COM2_VOLUME_SET)
				l12 100 * (&gt;K:COM3_VOLUME_SET)
				0 (&gt;I:XMLVAR_COM_UpdateVolumes)
			} els{
				(* Update XML Values if SimVar has changed *)
				(O:XMLVAR_COM_1_Volume_PreviousValue) l7 != l10 l7 != and if{
					l10 l7 &gt; if{
						l7 (L:XMLVAR_COM_1_Volume_VHF_L) min (&gt;L:XMLVAR_COM_1_Volume_VHF_L)
						l7 (L:XMLVAR_COM_2_Volume_VHF_L) min (&gt;L:XMLVAR_COM_2_Volume_VHF_L)
						l7 (L:XMLVAR_COM_3_Volume_VHF_L) min (&gt;L:XMLVAR_COM_3_Volume_VHF_L)
					} els{
						l7 (&gt;L:XMLVAR_COM_1_Volume_VHF_L)
					}
				}
				(O:XMLVAR_COM_2_Volume_PreviousValue) l8 != l11 l8 != and if{
					l11 l8 &gt; if{
						l8 (L:XMLVAR_COM_1_Volume_VHF_C) min (&gt;L:XMLVAR_COM_1_Volume_VHF_C)
						l8 (L:XMLVAR_COM_2_Volume_VHF_C) min (&gt;L:XMLVAR_COM_2_Volume_VHF_C)
						l8 (L:XMLVAR_COM_3_Volume_VHF_C) min (&gt;L:XMLVAR_COM_3_Volume_VHF_C)
					} els{
						l8 (&gt;L:XMLVAR_COM_2_Volume_VHF_C)
					}
				}
				(O:XMLVAR_COM_3_Volume_PreviousValue) l9 != l12 l9 != and if{
					l12 l9 &gt; if{
						l9 (L:XMLVAR_COM_1_Volume_VHF_R) min (&gt;L:XMLVAR_COM_1_Volume_VHF_R)
						l9 (L:XMLVAR_COM_2_Volume_VHF_R) min (&gt;L:XMLVAR_COM_2_Volume_VHF_R)
						l9 (L:XMLVAR_COM_3_Volume_VHF_R) min (&gt;L:XMLVAR_COM_3_Volume_VHF_R)
					} els{
						l9 (&gt;L:XMLVAR_COM_3_Volume_VHF_R)
					}
				}
			}
			
			l4 (&gt;O:XMLVAR_COM_1_Receive_PreviousValue)
			l5 (&gt;O:XMLVAR_COM_2_Receive_PreviousValue)
			l6 (&gt;O:XMLVAR_COM_3_Receive_PreviousValue)
			l10 (&gt;O:XMLVAR_COM_1_Volume_PreviousValue)
			l11 (&gt;O:XMLVAR_COM_2_Volume_PreviousValue)
			l12 (&gt;O:XMLVAR_COM_3_Volume_PreviousValue)
		</UPDATE_CODE>
	</UseTemplate>
</Template>
